flow_rate,pressure,temperature,usage_duration,vibration,label
53.89,326.02,24.64,94,0.19,Normal
84.42,118.97,31.68,97,0.56,Leakage
32.66,322.02,20.77,84,0.2,Normal
71.75,109.17,28.0,83,0.64,Leakage
33.46,326.95,22.49,56,0.12,Normal
52.09,339.54,24.97,43,0.29,Normal
57.07,315.35,20.94,69,0.18,Normal
45.7,297.0,23.22,56,0.12,Normal
88.63,118.13,31.68,72,0.83,Leakage
48.67,319.63,25.4,61,0.23,Normal
110.51,209.97,29.08,53,0.84,Leakage
42.03,289.87,27.79,47,0.14,Normal
58.75,280.75,20.73,47,0.16,Normal
35.07,316.64,25.66,43,0.26,Normal
41.94,330.76,29.76,103,0.18,Normal
31.5,301.08,22.38,90,0.22,Normal
47.49,290.84,25.28,78,0.14,Normal
31.48,315.34,22.05,92,0.18,Normal
34.38,293.88,24.7,96,0.2,Normal
78.93,151.06,29.48,82,0.99,Leakage
57.41,329.02,29.17,53,0.18,Normal
70.54,128.44,34.98,66,0.73,Leakage
55.41,316.74,21.33,97,0.25,Normal
89.72,170.03,33.1,98,0.97,Leakage
34.31,318.81,23.11,88,0.23,Normal
45.26,316.44,20.32,41,0.21,Normal
47.48,308.08,21.54,49,0.23,Normal
30.16,308.89,24.68,82,0.11,Normal
37.88,280.54,27.13,76,0.12,Normal
53.76,301.64,27.16,103,0.16,Normal
118.16,215.86,29.96,105,0.91,Leakage
59.45,329.57,26.9,35,0.14,Normal
33.54,293.71,27.09,68,0.24,Normal
33.92,299.03,29.47,35,0.19,Normal
30.62,331.84,29.92,35,0.13,Normal
32.26,283.64,29.6,34,0.22,Normal
80.56,174.02,33.95,87,0.65,Leakage
33.39,282.83,23.84,103,0.19,Normal
79.64,105.7,31.84,103,0.85,Leakage
72.5,168.45,28.51,97,0.78,Leakage
78.65,101.83,30.2,105,0.66,Leakage
54.94,320.32,25.23,111,0.23,Normal
43.56,309.83,20.07,48,0.22,Normal
98.88,215.02,28.55,99,0.57,Leakage
31.62,290.68,27.74,31,0.28,Normal
35.26,291.29,21.76,78,0.19,Normal
54.61,346.37,27.49,54,0.19,Normal
59.3,305.0,22.83,76,0.11,Normal
87.73,193.52,28.34,50,0.8,Leakage
116.29,123.09,25.36,147,0.8,Leakage
109.87,172.89,32.54,52,0.5,Leakage
43.48,289.36,28.5,66,0.22,Normal
83.0,204.25,25.75,47,0.93,Leakage
52.99,302.09,20.74,85,0.24,Normal
30.56,283.54,25.11,107,0.24,Normal
89.13,125.84,31.43,121,0.81,Leakage
77.51,176.13,30.01,128,0.6,Leakage
56.66,318.32,29.25,35,0.11,Normal
43.21,281.28,27.63,55,0.18,Normal
40.49,345.3,27.19,87,0.22,Normal
48.71,329.57,24.27,88,0.23,Normal
53.06,314.25,22.8,85,0.12,Normal
72.01,198.99,29.13,98,0.63,Leakage
76.54,190.15,25.27,150,0.96,Leakage
32.36,328.11,26.32,64,0.12,Normal
110.3,160.58,34.2,53,0.94,Leakage
56.04,337.76,29.14,67,0.26,Normal
56.94,300.35,28.21,89,0.27,Normal
49.68,297.62,23.26,80,0.23,Normal
40.73,322.92,24.89,110,0.18,Normal
86.36,172.61,27.77,70,0.64,Leakage
36.12,290.28,26.63,58,0.3,Normal
47.45,321.25,27.54,120,0.23,Normal
31.82,318.99,21.45,94,0.28,Normal
83.19,109.44,28.64,141,0.53,Leakage
96.69,216.21,27.83,80,0.68,Leakage
36.32,291.71,25.06,111,0.18,Normal
74.12,116.3,30.94,76,0.59,Leakage
31.84,336.41,23.02,36,0.29,Normal
44.24,307.77,22.77,38,0.21,Normal
100.79,144.24,26.93,50,0.97,Leakage
31.71,294.4,20.51,73,0.16,Normal
80.78,187.14,29.62,113,0.78,Leakage
40.11,296.5,29.16,93,0.13,Normal
107.1,181.05,27.26,62,0.99,Leakage
86.95,140.83,27.01,74,0.71,Leakage
56.98,298.93,24.86,69,0.29,Normal
112.03,167.81,34.51,120,0.97,Leakage
39.69,344.81,22.67,65,0.15,Normal
80.42,151.65,34.01,68,0.76,Leakage
112.38,179.62,33.16,45,0.88,Leakage
42.1,313.28,25.29,43,0.16,Normal
42.15,312.52,20.73,80,0.23,Normal
46.38,297.1,23.16,64,0.16,Normal
39.38,330.63,28.08,100,0.2,Normal
36.04,283.01,28.86,92,0.12,Normal
39.65,317.71,28.11,117,0.13,Normal
55.16,324.32,21.68,44,0.3,Normal
36.74,286.97,24.62,71,0.27,Normal
78.36,122.38,28.64,108,0.57,Leakage
30.42,342.68,25.55,63,0.26,Normal
31.75,294.53,20.05,95,0.12,Normal
31.98,337.07,22.43,50,0.28,Normal
31.54,342.99,23.21,51,0.15,Normal
82.33,135.34,31.2,113,0.64,Leakage
48.0,300.94,21.43,97,0.18,Normal
58.56,325.89,27.65,115,0.28,Normal
119.88,201.89,31.53,149,0.68,Leakage
84.21,147.81,25.45,62,0.65,Leakage
52.92,281.72,26.41,63,0.24,Normal
43.76,286.34,21.55,46,0.14,Normal
57.0,346.91,22.27,36,0.23,Normal
44.96,327.55,29.18,116,0.25,Normal
95.74,136.78,30.52,86,0.83,Leakage
46.85,291.44,27.48,91,0.16,Normal
57.75,314.27,20.46,87,0.14,Normal
95.77,174.13,28.08,98,0.75,Leakage
47.41,321.44,28.5,30,0.26,Normal
91.53,111.83,31.98,105,0.96,Leakage
31.7,337.99,29.64,64,0.2,Normal
76.96,106.18,30.03,84,0.55,Leakage
111.84,132.63,30.29,121,0.61,Leakage
37.83,317.38,22.17,89,0.18,Normal
53.58,344.44,27.85,30,0.3,Normal
33.09,315.93,24.98,69,0.11,Normal
58.88,314.28,22.81,80,0.14,Normal
94.05,145.66,31.61,72,0.77,Leakage
46.63,315.61,21.04,116,0.23,Normal
43.3,286.19,27.52,97,0.19,Normal
57.75,299.73,27.57,70,0.22,Normal
48.4,331.37,20.99,62,0.12,Normal
47.43,326.21,21.49,112,0.14,Normal
113.69,146.07,29.17,76,0.99,Leakage
42.29,321.41,24.42,65,0.24,Normal
58.97,286.81,29.95,95,0.27,Normal
47.08,339.82,24.28,79,0.15,Normal
82.63,171.2,28.71,137,0.82,Leakage
48.59,348.33,29.63,61,0.23,Normal
84.0,105.23,28.3,138,0.97,Leakage
58.77,341.01,23.46,31,0.24,Normal
37.73,335.57,26.44,108,0.27,Normal
90.14,211.38,29.25,46,0.85,Leakage
35.88,336.69,26.22,72,0.27,Normal
56.5,327.13,21.36,70,0.13,Normal
92.4,101.1,27.04,106,0.84,Leakage
36.23,291.23,25.05,30,0.21,Normal
34.79,318.3,24.26,83,0.11,Normal
52.76,292.65,23.23,110,0.16,Normal
40.51,297.25,25.56,49,0.26,Normal
41.56,299.73,29.32,82,0.22,Normal
52.42,338.14,28.56,77,0.13,Normal
52.92,312.3,25.23,36,0.11,Normal
59.27,281.08,25.6,31,0.2,Normal
114.25,113.19,30.27,87,0.8,Leakage
75.08,143.01,30.79,134,0.81,Leakage
48.46,314.35,27.31,99,0.26,Normal
33.26,317.54,29.75,58,0.2,Normal
37.43,296.81,22.12,91,0.11,Normal
56.56,321.04,25.13,31,0.22,Normal
47.3,286.73,22.18,100,0.2,Normal
52.38,326.81,20.53,32,0.19,Normal
53.94,301.87,20.37,47,0.29,Normal
34.95,295.24,21.27,61,0.24,Normal
46.72,338.37,26.16,94,0.16,Normal
30.02,329.41,22.72,50,0.24,Normal
32.69,308.26,27.45,90,0.24,Normal
90.5,134.64,33.36,134,0.97,Leakage
43.77,292.02,21.43,120,0.12,Normal
59.29,338.96,24.51,36,0.15,Normal
49.99,333.3,29.0,84,0.13,Normal
97.6,189.94,34.67,63,0.69,Leakage
45.28,345.86,24.67,40,0.14,Normal
74.89,182.76,28.93,89,0.74,Leakage
44.98,346.25,26.26,67,0.18,Normal
34.42,316.65,27.13,73,0.14,Normal
37.87,333.69,29.05,71,0.14,Normal
109.92,150.28,30.93,44,0.68,Leakage
42.18,309.47,23.52,60,0.27,Normal
99.55,200.09,28.1,118,1.0,Leakage
99.36,124.12,28.19,106,0.67,Leakage
51.34,299.05,24.98,54,0.17,Normal
37.71,294.6,27.19,111,0.21,Normal
85.96,212.75,32.85,104,0.56,Leakage
55.38,325.1,24.84,102,0.12,Normal
30.9,329.8,25.12,96,0.26,Normal
90.36,108.34,25.54,106,0.96,Leakage
40.6,329.68,20.43,49,0.15,Normal
59.71,332.67,29.66,50,0.27,Normal
81.92,139.61,32.36,56,0.66,Leakage
37.24,349.39,28.37,73,0.27,Normal
98.98,214.7,32.75,115,0.66,Leakage
100.58,142.28,25.81,51,0.96,Leakage
95.57,156.78,29.62,91,0.52,Leakage
45.53,345.47,26.77,82,0.24,Normal
57.27,294.56,22.7,71,0.23,Normal
52.52,344.17,29.11,64,0.12,Normal
53.31,325.52,23.71,39,0.29,Normal
111.29,205.96,29.77,41,0.85,Leakage
99.84,111.27,33.34,117,0.67,Leakage
53.25,333.96,24.55,76,0.3,Normal
30.44,310.66,28.51,115,0.1,Normal
55.88,306.77,20.86,67,0.12,Normal
91.21,120.87,33.74,90,0.87,Leakage
47.83,308.4,27.15,109,0.23,Normal
93.72,213.06,34.05,73,0.72,Leakage
37.2,334.19,20.09,73,0.19,Normal
38.04,299.94,26.47,57,0.25,Normal
47.97,308.07,25.22,77,0.17,Normal
72.83,166.91,30.64,134,0.65,Leakage
32.78,317.32,20.81,51,0.12,Normal
33.26,319.19,29.72,37,0.26,Normal
36.93,293.73,25.04,60,0.29,Normal
30.31,345.64,22.51,35,0.29,Normal
38.27,301.71,21.77,80,0.14,Normal
47.16,324.86,21.35,107,0.22,Normal
44.1,312.47,29.63,80,0.28,Normal
109.28,190.06,28.75,112,0.85,Leakage
74.28,202.86,33.22,97,0.54,Leakage
39.01,302.95,29.1,106,0.29,Normal
41.75,316.16,29.29,81,0.12,Normal
101.65,180.95,31.11,124,0.72,Leakage
57.55,294.44,23.16,64,0.14,Normal
58.51,342.32,23.26,116,0.11,Normal
51.48,337.49,20.81,50,0.27,Normal
113.99,151.52,30.45,133,0.59,Leakage
59.07,326.04,20.63,78,0.23,Normal
104.83,147.76,28.31,42,0.59,Leakage
41.57,313.49,22.65,48,0.19,Normal
39.38,309.43,26.09,35,0.26,Normal
30.03,334.85,20.07,87,0.29,Normal
42.44,319.05,26.29,33,0.12,Normal
89.04,212.73,32.3,115,0.84,Leakage
47.5,305.15,26.89,99,0.29,Normal
58.19,309.09,23.89,101,0.15,Normal
59.87,295.32,22.39,32,0.28,Normal
91.66,107.84,34.99,100,0.81,Leakage
33.53,288.89,22.98,52,0.1,Normal
91.43,112.92,32.45,60,0.61,Leakage
56.16,293.94,22.92,34,0.18,Normal
35.38,335.98,29.95,106,0.15,Normal
75.92,122.84,30.17,109,0.97,Leakage
35.76,335.23,22.64,70,0.14,Normal
59.77,304.79,25.12,49,0.16,Normal
32.8,299.46,23.75,72,0.25,Normal
56.98,280.84,28.22,68,0.2,Normal
44.15,282.22,25.74,75,0.1,Normal
35.25,288.73,29.95,110,0.12,Normal
49.39,327.04,28.11,48,0.29,Normal
31.14,296.64,21.78,100,0.24,Normal
71.4,132.81,27.11,130,0.97,Leakage
49.07,288.65,23.24,40,0.21,Normal
35.16,344.5,29.23,88,0.29,Normal
47.67,292.12,26.32,96,0.29,Normal
47.72,329.97,20.59,81,0.14,Normal
36.1,339.8,26.53,66,0.23,Normal
38.96,349.97,28.57,93,0.2,Normal
57.04,285.78,28.91,88,0.2,Normal
52.77,293.43,26.97,116,0.18,Normal
118.44,112.0,28.87,77,0.71,Leakage
50.53,298.68,25.73,50,0.26,Normal
59.8,337.93,28.29,77,0.28,Normal
53.99,342.46,21.17,43,0.18,Normal
106.73,210.38,25.18,80,0.5,Leakage
75.47,101.82,25.39,94,0.88,Leakage
41.11,284.32,25.22,39,0.24,Normal
31.23,311.31,29.79,52,0.13,Normal
87.61,130.54,29.19,79,0.93,Leakage
105.8,198.12,30.22,111,0.68,Leakage
52.76,295.02,25.76,118,0.26,Normal
33.55,288.68,21.27,51,0.29,Normal
48.2,341.09,23.73,62,0.24,Normal
35.77,299.06,24.62,62,0.16,Normal
31.67,314.39,23.44,105,0.26,Normal
38.42,280.78,28.1,120,0.26,Normal
50.17,298.42,20.01,74,0.11,Normal
31.03,327.0,29.93,104,0.29,Normal
50.04,333.6,26.13,70,0.25,Normal
50.29,294.94,29.33,57,0.16,Normal
53.91,284.21,20.09,71,0.3,Normal
31.26,337.91,22.36,111,0.15,Normal
50.89,326.92,23.11,37,0.11,Normal
49.23,342.33,29.79,59,0.1,Normal
55.05,321.3,22.59,65,0.23,Normal
56.3,295.6,21.31,60,0.24,Normal
58.41,348.77,26.38,79,0.3,Normal
93.85,176.36,28.99,139,1.0,Leakage
118.35,205.34,33.03,87,0.64,Leakage
46.32,298.63,26.1,58,0.11,Normal
90.31,118.37,33.77,108,0.69,Leakage
44.28,319.33,22.22,89,0.29,Normal
43.98,320.6,20.35,42,0.12,Normal
50.02,346.7,26.53,58,0.2,Normal
35.85,314.6,29.6,30,0.24,Normal
55.8,310.36,26.62,104,0.24,Normal
78.19,117.1,32.98,122,0.63,Leakage
54.56,338.05,26.21,35,0.18,Normal
71.96,196.8,26.84,114,0.99,Leakage
37.69,307.68,21.55,112,0.13,Normal
41.76,320.48,28.6,70,0.26,Normal
45.69,305.22,25.12,89,0.15,Normal
98.57,123.8,33.08,130,0.81,Leakage
43.48,315.86,29.72,109,0.28,Normal
58.71,333.37,22.27,118,0.23,Normal
59.26,347.91,28.01,74,0.17,Normal
44.71,289.17,24.17,118,0.23,Normal
43.4,332.87,24.22,87,0.29,Normal
92.21,128.54,32.0,75,0.64,Leakage
76.51,186.54,25.56,128,0.64,Leakage
38.87,346.19,24.83,66,0.2,Normal
53.43,318.31,20.71,34,0.27,Normal
55.28,293.28,20.74,86,0.14,Normal
106.26,128.45,31.31,117,0.65,Leakage
40.89,344.14,21.9,38,0.16,Normal
45.8,296.17,27.45,33,0.15,Normal
53.55,286.33,20.92,92,0.24,Normal
106.58,127.15,32.95,62,0.81,Leakage
46.16,349.34,21.27,30,0.21,Normal
34.09,312.44,22.6,51,0.21,Normal
33.45,341.51,23.47,115,0.24,Normal
38.01,327.01,23.33,118,0.28,Normal
113.27,178.23,33.37,56,0.7,Leakage
86.43,160.68,32.68,124,0.8,Leakage
44.87,316.21,26.29,38,0.19,Normal
31.53,316.68,20.52,52,0.14,Normal
105.4,101.13,34.54,68,0.79,Leakage
43.57,344.09,26.79,116,0.21,Normal
58.02,290.97,23.2,95,0.19,Normal
40.16,317.27,20.57,37,0.11,Normal
55.69,283.47,21.43,68,0.22,Normal
57.05,331.27,20.42,89,0.15,Normal
99.43,116.03,34.47,89,0.89,Leakage
88.69,118.56,34.25,146,0.62,Leakage
39.48,331.8,27.29,110,0.17,Normal
97.49,145.64,28.14,66,0.86,Leakage
90.8,161.16,28.93,43,0.54,Leakage
98.33,204.38,30.54,95,0.68,Leakage
32.49,347.87,22.9,120,0.28,Normal
37.15,345.11,26.64,59,0.14,Normal
38.18,325.34,27.69,76,0.25,Normal
30.83,301.7,27.55,65,0.12,Normal
36.55,348.3,29.89,50,0.25,Normal
50.4,313.48,27.31,85,0.27,Normal
35.58,284.85,21.51,74,0.24,Normal
42.25,320.01,22.9,73,0.17,Normal
49.88,327.76,22.5,99,0.12,Normal
49.11,319.45,29.46,84,0.11,Normal
106.1,113.52,29.59,150,0.99,Leakage
109.3,204.02,27.52,101,0.91,Leakage
31.21,290.06,28.07,120,0.11,Normal
49.23,302.37,23.9,112,0.14,Normal
59.61,306.14,26.85,110,0.22,Normal
59.68,334.28,28.91,87,0.14,Normal
106.95,106.78,31.34,55,0.84,Leakage
48.88,312.6,26.72,91,0.18,Normal
53.78,302.83,29.63,110,0.3,Normal
51.18,341.31,21.78,65,0.21,Normal
105.32,158.18,28.6,59,0.96,Leakage
105.47,168.71,25.45,73,0.72,Leakage
101.51,202.68,25.42,97,0.79,Leakage
49.9,303.22,23.88,107,0.19,Normal
45.69,294.87,24.28,99,0.11,Normal
94.07,116.19,25.46,123,0.86,Leakage
119.46,210.34,29.02,89,0.81,Leakage
93.43,156.13,29.74,87,0.63,Leakage
48.44,291.44,26.83,36,0.17,Normal
32.52,346.27,23.39,48,0.27,Normal
39.61,321.9,27.93,60,0.2,Normal
37.2,345.94,20.99,98,0.21,Normal
98.67,160.22,33.87,111,0.81,Leakage
74.93,188.28,25.06,71,0.95,Leakage
78.85,173.03,28.94,51,0.59,Leakage
40.28,307.59,24.06,110,0.15,Normal
51.35,285.92,22.18,110,0.16,Normal
43.51,345.55,22.94,89,0.27,Normal
37.58,293.97,21.01,45,0.17,Normal
52.7,348.57,29.0,50,0.19,Normal
118.39,154.08,25.12,117,0.62,Leakage
33.13,302.47,20.32,35,0.25,Normal
30.24,303.86,24.33,95,0.16,Normal
57.82,328.33,20.05,67,0.16,Normal
40.9,283.92,21.08,42,0.24,Normal
79.68,175.59,31.43,51,0.95,Leakage
108.41,116.88,27.88,45,0.84,Leakage
31.42,302.95,22.27,101,0.24,Normal
35.54,317.17,23.91,67,0.18,Normal
47.8,296.17,23.98,40,0.22,Normal
34.31,329.49,28.59,71,0.12,Normal
44.47,304.41,29.05,41,0.24,Normal
47.35,345.24,24.86,66,0.17,Normal
56.99,307.99,21.81,31,0.27,Normal
51.32,304.48,26.18,74,0.12,Normal
50.67,329.98,24.54,109,0.29,Normal
42.38,280.36,20.88,51,0.2,Normal
116.26,174.16,30.79,40,0.67,Leakage
30.49,296.21,25.01,75,0.11,Normal
116.77,192.34,28.81,131,0.9,Leakage
80.15,212.74,28.5,103,0.56,Leakage
38.34,289.92,20.5,112,0.26,Normal
32.71,334.13,25.91,114,0.18,Normal
30.27,284.6,20.1,69,0.11,Normal
34.42,344.66,24.89,85,0.21,Normal
82.79,199.66,26.3,136,0.54,Leakage
46.48,315.37,25.76,31,0.14,Normal
98.93,111.9,25.31,110,0.98,Leakage
115.13,168.54,29.56,59,0.98,Leakage
32.61,341.02,28.1,62,0.22,Normal
51.28,326.32,24.45,53,0.23,Normal
55.93,289.22,29.34,51,0.22,Normal
43.97,333.66,28.92,107,0.26,Normal
46.86,291.98,29.41,37,0.23,Normal
54.2,286.06,22.64,85,0.2,Normal
97.88,193.48,31.63,88,0.89,Leakage
116.54,143.49,28.31,91,0.85,Leakage
97.99,150.7,26.51,100,0.77,Leakage
36.96,295.02,26.95,115,0.25,Normal
50.91,314.13,27.41,52,0.15,Normal
54.99,300.16,22.32,69,0.17,Normal
30.42,315.69,21.44,49,0.23,Normal
31.26,320.55,24.13,80,0.13,Normal
112.89,203.4,34.91,101,0.86,Leakage
49.86,308.16,22.82,77,0.18,Normal
37.98,347.92,20.9,35,0.25,Normal
94.15,192.76,32.42,142,0.68,Leakage
80.99,157.17,32.98,103,0.99,Leakage
35.62,305.96,28.79,95,0.11,Normal
56.71,343.44,22.39,42,0.2,Normal
50.88,332.63,26.45,75,0.21,Normal
114.57,213.11,30.62,56,0.86,Leakage
96.05,157.53,30.77,70,0.84,Leakage
88.09,138.1,26.09,131,0.85,Leakage
39.48,285.67,26.33,86,0.24,Normal
40.9,292.47,20.91,92,0.23,Normal
45.91,337.72,23.36,100,0.14,Normal
38.05,330.5,27.34,113,0.21,Normal
73.52,167.56,30.62,145,0.7,Leakage
114.18,194.96,29.59,45,0.5,Leakage
30.5,280.31,29.55,54,0.2,Normal
48.64,338.4,24.61,118,0.16,Normal
103.91,104.46,25.55,55,0.84,Leakage
46.42,308.94,26.48,60,0.22,Normal
44.51,331.37,28.38,113,0.29,Normal
57.62,281.45,29.63,80,0.19,Normal
37.28,304.97,28.01,59,0.29,Normal
56.54,294.97,29.36,61,0.25,Normal
34.03,301.66,23.6,47,0.11,Normal
51.97,330.31,26.76,33,0.28,Normal
52.57,289.95,27.31,78,0.1,Normal
84.62,142.63,30.67,78,0.56,Leakage
112.04,150.4,32.15,147,0.73,Leakage
72.56,210.62,30.3,101,0.69,Leakage
48.97,329.95,29.39,32,0.28,Normal
33.34,304.54,26.43,52,0.16,Normal
46.78,321.81,24.42,50,0.22,Normal
44.81,299.33,23.26,47,0.14,Normal
92.64,169.96,33.58,95,0.68,Leakage
117.89,193.5,26.24,76,0.85,Leakage
119.91,140.87,27.79,137,0.71,Leakage
42.67,291.23,24.84,35,0.13,Normal
71.52,208.5,34.0,61,0.67,Leakage
83.16,189.35,34.08,59,0.87,Leakage
76.64,153.36,29.39,135,0.93,Leakage
42.64,325.53,20.35,84,0.29,Normal
53.64,295.41,23.95,116,0.19,Normal
111.21,126.3,28.36,149,0.53,Leakage
45.44,283.12,22.13,44,0.16,Normal
57.84,320.93,24.01,115,0.2,Normal
106.91,103.01,31.71,121,0.92,Leakage
33.96,313.32,25.25,113,0.16,Normal
114.71,205.93,30.08,45,0.71,Leakage
36.96,312.02,22.12,108,0.24,Normal
36.77,308.21,27.11,115,0.14,Normal
113.49,100.96,34.36,61,0.78,Leakage
111.17,127.54,32.4,100,0.9,Leakage
110.87,161.52,30.61,143,0.82,Leakage
96.62,214.93,33.12,93,0.53,Leakage
53.83,316.65,21.12,91,0.17,Normal
73.19,207.54,32.44,107,0.98,Leakage
33.2,289.73,27.52,92,0.18,Normal
115.42,169.29,25.49,89,0.5,Leakage
105.43,144.28,32.73,114,0.57,Leakage
45.66,293.67,27.78,37,0.26,Normal
75.46,127.95,27.71,48,0.75,Leakage
35.9,293.22,22.26,120,0.18,Normal
56.49,341.06,29.5,70,0.16,Normal
91.26,152.29,26.39,51,0.83,Leakage
59.89,293.54,23.21,107,0.16,Normal
59.02,328.55,25.63,50,0.28,Normal
34.72,333.98,29.42,37,0.16,Normal
30.99,337.11,27.05,83,0.29,Normal
32.87,295.76,25.85,38,0.14,Normal
89.77,214.59,29.95,97,0.51,Leakage
118.62,169.22,30.89,115,0.64,Leakage
58.16,305.16,20.21,106,0.27,Normal
55.19,332.66,26.8,82,0.16,Normal
45.21,290.55,24.7,82,0.15,Normal
72.98,136.86,32.55,147,0.74,Leakage
44.35,299.98,28.01,86,0.19,Normal
38.96,317.76,21.26,72,0.2,Normal
52.46,286.2,29.37,50,0.15,Normal
40.69,303.05,29.91,56,0.26,Normal
55.97,285.09,25.23,113,0.12,Normal
34.08,348.28,27.08,71,0.23,Normal
56.47,319.72,29.07,101,0.22,Normal
58.05,308.11,20.97,52,0.25,Normal
85.1,149.37,29.91,118,0.85,Leakage
100.6,102.52,29.95,93,0.69,Leakage
51.82,338.72,25.08,41,0.28,Normal
49.8,326.05,21.74,69,0.15,Normal
30.71,332.0,22.07,91,0.23,Normal
41.08,337.72,22.09,91,0.11,Normal
92.67,193.45,28.43,120,0.99,Leakage
37.33,332.99,20.67,68,0.29,Normal
39.43,328.4,27.47,62,0.22,Normal
86.08,188.01,32.62,87,0.57,Leakage
47.17,283.77,27.43,104,0.24,Normal
31.26,281.52,25.37,112,0.22,Normal
87.51,139.27,26.92,116,0.8,Leakage
73.1,200.06,32.14,57,0.94,Leakage
96.33,196.42,28.97,94,0.93,Leakage
40.2,290.02,24.59,65,0.13,Normal
48.15,325.45,22.55,74,0.27,Normal
40.22,330.94,23.46,110,0.22,Normal
49.04,339.11,20.53,76,0.3,Normal
54.35,282.94,27.65,42,0.3,Normal
100.09,160.96,32.62,128,0.93,Leakage
112.17,114.42,25.27,49,0.94,Leakage
44.62,284.77,28.19,92,0.27,Normal
41.39,295.73,24.23,37,0.18,Normal
93.83,195.55,27.35,59,0.69,Leakage
50.3,316.22,24.07,32,0.26,Normal
42.51,336.96,21.1,73,0.22,Normal
48.07,285.93,28.23,107,0.14,Normal
47.42,283.45,22.37,89,0.14,Normal
98.63,134.86,31.71,140,0.61,Leakage
45.97,344.09,26.17,114,0.17,Normal
52.56,294.66,23.63,79,0.27,Normal
54.82,328.22,25.18,86,0.22,Normal
71.97,202.51,28.62,72,0.86,Leakage
43.59,322.4,22.42,98,0.3,Normal
42.91,290.68,20.42,103,0.22,Normal
32.58,326.33,27.64,88,0.11,Normal
31.5,341.58,24.33,32,0.26,Normal
40.44,338.65,23.16,105,0.16,Normal
79.12,217.68,33.0,125,0.94,Leakage
90.73,118.07,28.14,52,0.96,Leakage
43.24,297.9,27.93,72,0.2,Normal
52.18,298.19,26.95,64,0.13,Normal
42.79,294.09,27.82,87,0.18,Normal
103.06,108.2,29.43,110,0.59,Leakage
53.93,322.31,24.21,33,0.18,Normal
39.05,316.73,24.0,46,0.26,Normal
43.63,306.11,28.33,72,0.11,Normal
54.48,296.02,28.72,120,0.27,Normal
112.67,211.96,26.45,40,0.99,Leakage
57.32,286.08,24.73,75,0.22,Normal
34.22,319.29,29.13,102,0.15,Normal
38.34,287.81,28.41,33,0.21,Normal
35.03,289.34,25.84,101,0.15,Normal
48.62,308.38,25.46,91,0.1,Normal
53.55,298.37,24.14,34,0.19,Normal
55.93,308.96,24.56,56,0.22,Normal
42.78,325.45,22.6,74,0.21,Normal
104.8,156.05,25.12,93,0.62,Leakage
37.46,282.08,29.12,63,0.27,Normal
83.84,201.86,34.01,147,0.71,Leakage
30.78,297.72,27.19,68,0.21,Normal
118.23,177.91,28.72,66,0.8,Leakage
49.66,317.84,21.94,84,0.29,Normal
52.6,337.71,29.62,67,0.21,Normal
43.36,321.23,22.71,107,0.21,Normal
119.11,187.25,34.14,148,0.76,Leakage
45.56,287.13,28.63,63,0.18,Normal
83.15,102.11,26.41,123,0.96,Leakage
52.52,312.4,22.58,44,0.29,Normal
49.91,296.36,25.68,66,0.26,Normal
109.15,138.79,32.43,93,0.73,Leakage
46.96,298.49,27.95,111,0.13,Normal
37.08,321.25,29.15,54,0.19,Normal
33.93,301.01,21.1,105,0.24,Normal
39.58,344.78,20.33,30,0.28,Normal
40.29,333.51,24.64,56,0.15,Normal
38.65,331.29,23.65,40,0.12,Normal
41.68,342.51,29.46,41,0.21,Normal
34.68,319.18,27.27,62,0.26,Normal
46.2,294.21,20.76,39,0.18,Normal
57.39,283.85,29.1,58,0.21,Normal
54.09,349.99,21.57,89,0.27,Normal
56.73,329.01,20.17,87,0.26,Normal
37.66,341.65,28.52,69,0.11,Normal
44.33,300.25,26.03,104,0.27,Normal
85.68,172.76,28.48,48,0.82,Leakage
32.76,335.13,28.39,79,0.28,Normal
55.58,335.98,21.48,45,0.18,Normal
50.39,342.59,29.22,69,0.21,Normal
54.42,304.65,23.24,55,0.22,Normal
37.07,327.2,29.82,116,0.28,Normal
35.04,345.88,22.11,45,0.15,Normal
39.99,297.56,21.32,100,0.25,Normal
42.8,304.9,20.5,111,0.18,Normal
44.84,295.86,28.99,112,0.18,Normal
45.84,307.07,25.94,113,0.16,Normal
99.99,163.32,33.4,56,0.67,Leakage
34.85,288.22,27.8,76,0.15,Normal
43.57,336.3,23.88,101,0.24,Normal
57.47,287.65,27.94,45,0.17,Normal
39.7,315.71,25.47,61,0.15,Normal
30.28,291.72,25.49,101,0.15,Normal
34.08,309.02,26.39,40,0.18,Normal
100.68,133.52,30.23,141,0.62,Leakage
36.72,315.89,28.6,70,0.15,Normal
30.82,332.49,21.07,63,0.28,Normal
44.87,292.96,28.56,112,0.2,Normal
54.09,333.49,24.54,69,0.11,Normal
34.34,296.69,23.12,68,0.28,Normal
79.35,206.99,34.42,77,0.84,Leakage
38.12,337.43,24.43,108,0.24,Normal
56.12,314.5,26.71,72,0.21,Normal
54.35,327.11,23.55,31,0.13,Normal
30.81,329.44,29.89,108,0.16,Normal
40.98,296.53,28.63,43,0.13,Normal
51.91,309.74,20.84,115,0.16,Normal
117.4,189.61,26.0,77,0.77,Leakage
102.42,156.04,32.09,123,0.59,Leakage
43.1,303.22,20.42,89,0.27,Normal
38.51,323.11,25.14,71,0.3,Normal
95.23,218.39,31.79,149,0.96,Leakage
59.39,326.26,25.33,89,0.27,Normal
38.19,348.39,21.84,99,0.26,Normal
83.74,135.23,26.31,147,0.54,Leakage
58.76,324.89,23.0,56,0.21,Normal
30.19,346.81,26.33,56,0.14,Normal
42.71,286.25,21.49,100,0.18,Normal
56.7,293.81,24.51,46,0.19,Normal
42.9,291.61,24.05,47,0.22,Normal
95.65,125.79,25.83,80,0.83,Leakage
101.74,198.62,30.02,54,1.0,Leakage
43.62,345.68,21.23,52,0.26,Normal
87.25,109.53,31.87,135,0.71,Leakage
110.13,166.35,34.45,112,0.72,Leakage
41.35,348.96,20.76,91,0.18,Normal
47.34,340.87,27.7,106,0.17,Normal
89.11,130.5,32.34,56,0.6,Leakage
81.72,136.16,28.57,123,0.76,Leakage
41.35,303.51,25.66,110,0.12,Normal
52.04,293.6,27.54,112,0.2,Normal
54.16,289.48,24.5,89,0.14,Normal
52.94,289.99,26.25,105,0.2,Normal
101.38,101.67,26.9,101,0.71,Leakage
31.74,327.95,21.34,78,0.26,Normal
54.26,339.4,21.65,47,0.17,Normal
70.61,164.94,30.16,136,0.75,Leakage
37.53,324.81,28.72,61,0.16,Normal
107.95,104.69,28.75,99,0.52,Leakage
30.33,340.91,21.7,48,0.29,Normal
49.48,346.09,21.63,32,0.29,Normal
31.98,293.59,24.15,78,0.1,Normal
53.44,294.2,25.08,90,0.13,Normal
95.33,137.75,27.1,89,0.86,Leakage
45.37,306.76,20.56,114,0.29,Normal
57.21,321.57,28.37,89,0.13,Normal
58.11,307.35,28.69,110,0.3,Normal
31.59,334.47,20.55,96,0.19,Normal
45.15,297.08,24.19,104,0.2,Normal
56.37,321.16,21.86,74,0.17,Normal
44.97,318.49,29.32,93,0.25,Normal
42.09,348.34,20.92,120,0.13,Normal
49.55,294.36,26.95,57,0.29,Normal
34.6,302.8,20.03,113,0.17,Normal
59.48,306.68,23.16,54,0.25,Normal
37.83,319.57,22.01,49,0.25,Normal
49.73,293.23,26.81,116,0.27,Normal
97.84,192.19,30.42,89,0.7,Leakage
52.01,291.46,24.03,60,0.18,Normal
42.95,284.42,20.65,71,0.22,Normal
49.56,348.14,25.22,37,0.19,Normal
41.95,293.54,28.9,88,0.11,Normal
73.12,121.7,26.46,93,0.63,Leakage
38.82,304.86,25.14,43,0.27,Normal
30.21,297.67,25.37,35,0.2,Normal
50.67,337.61,27.55,42,0.29,Normal
50.02,337.98,24.18,67,0.21,Normal
39.71,293.7,21.9,112,0.22,Normal
115.53,147.58,30.83,41,0.57,Leakage
116.01,193.64,31.64,150,0.52,Leakage
30.7,324.3,28.63,76,0.23,Normal
56.38,337.45,23.67,108,0.19,Normal
48.78,306.9,24.99,115,0.22,Normal
50.43,321.2,28.17,94,0.15,Normal
48.82,297.19,27.8,97,0.18,Normal
50.56,341.97,20.75,88,0.25,Normal
44.6,336.02,29.97,75,0.28,Normal
92.37,145.79,26.82,73,0.94,Leakage
50.7,341.4,20.65,45,0.16,Normal
95.93,129.71,25.28,107,0.55,Leakage
43.84,326.37,24.8,76,0.28,Normal
53.4,328.81,23.89,88,0.29,Normal
33.51,344.22,20.2,74,0.29,Normal
55.37,316.82,21.3,110,0.28,Normal
38.86,324.38,23.94,78,0.27,Normal
53.33,284.98,25.84,107,0.28,Normal
42.49,329.92,24.88,64,0.1,Normal
59.1,297.65,24.91,92,0.15,Normal
102.05,216.73,30.42,102,0.82,Leakage
86.72,175.19,25.06,92,0.6,Leakage
55.36,323.47,24.51,118,0.21,Normal
72.01,183.48,32.51,146,0.84,Leakage
41.86,338.68,20.09,75,0.26,Normal
52.59,280.17,28.84,73,0.2,Normal
112.12,164.61,29.05,67,0.79,Leakage
35.49,321.75,22.45,85,0.23,Normal
33.27,314.75,22.07,97,0.19,Normal
34.19,312.49,29.37,34,0.13,Normal
43.84,299.31,27.34,52,0.12,Normal
48.64,330.73,22.92,77,0.14,Normal
87.26,139.02,27.68,82,0.8,Leakage
50.79,324.99,26.27,41,0.16,Normal
31.24,301.75,25.2,111,0.16,Normal
46.21,287.02,26.54,106,0.22,Normal
33.84,304.71,27.69,54,0.28,Normal
73.42,112.61,29.2,76,0.5,Leakage
45.99,285.88,28.6,87,0.12,Normal
55.98,342.08,26.77,101,0.24,Normal
50.69,326.35,28.74,109,0.15,Normal
30.61,317.26,25.59,78,0.25,Normal
78.16,149.85,32.55,91,0.89,Leakage
43.58,333.5,28.19,112,0.11,Normal
50.38,334.41,26.4,51,0.26,Normal
43.18,338.66,25.15,88,0.25,Normal
83.87,123.89,25.57,59,0.82,Leakage
71.82,146.58,25.08,144,0.77,Leakage
36.85,282.76,24.61,68,0.28,Normal
41.21,335.51,29.7,36,0.25,Normal
38.39,300.53,27.49,112,0.26,Normal
102.02,116.41,32.33,57,0.84,Leakage
31.03,288.94,26.31,119,0.23,Normal
82.76,165.37,27.49,81,0.84,Leakage
34.37,318.42,25.47,120,0.3,Normal
42.0,287.46,24.79,49,0.26,Normal
81.46,176.61,32.8,148,0.74,Leakage
78.56,191.0,30.99,127,0.74,Leakage
94.32,104.04,34.62,59,0.75,Leakage
57.08,285.18,21.72,85,0.28,Normal
49.06,297.49,20.31,109,0.3,Normal
75.75,163.84,28.04,69,0.62,Leakage
43.91,283.74,29.51,97,0.2,Normal
87.34,194.94,30.88,145,0.95,Leakage
31.42,315.8,24.35,65,0.18,Normal
115.3,188.79,28.45,137,0.73,Leakage
49.15,317.61,27.98,62,0.29,Normal
45.33,295.97,26.41,116,0.3,Normal
79.73,219.28,25.06,77,0.67,Leakage
58.1,343.83,26.51,89,0.2,Normal
38.84,306.51,24.02,120,0.16,Normal
34.12,317.7,21.97,41,0.23,Normal
37.84,316.36,22.11,84,0.2,Normal
93.39,124.46,31.84,88,0.75,Leakage
33.97,316.0,28.34,86,0.3,Normal
34.4,306.37,21.39,30,0.23,Normal
50.98,291.34,29.03,59,0.28,Normal
112.76,215.57,26.09,72,0.74,Leakage
50.33,330.2,20.78,68,0.25,Normal
73.21,191.78,30.29,119,0.77,Leakage
51.23,345.77,21.3,78,0.19,Normal
43.51,337.4,24.79,64,0.15,Normal
119.95,215.81,25.72,57,0.84,Leakage
35.87,347.61,24.08,87,0.28,Normal
45.44,287.94,27.37,74,0.26,Normal
39.32,303.29,21.9,41,0.1,Normal
51.38,337.79,25.17,109,0.23,Normal
47.88,349.07,20.1,41,0.14,Normal
45.29,338.54,21.34,59,0.14,Normal
53.28,315.57,25.14,51,0.24,Normal
58.55,294.34,27.9,61,0.14,Normal
47.34,311.03,28.52,113,0.28,Normal
53.94,344.22,20.01,55,0.13,Normal
57.24,348.47,20.67,69,0.18,Normal
47.85,305.11,27.27,77,0.27,Normal
31.31,292.14,20.71,38,0.17,Normal
33.5,301.78,26.86,91,0.15,Normal
53.61,341.29,27.04,115,0.17,Normal
77.51,195.82,25.2,94,0.91,Leakage
55.87,305.51,29.02,75,0.26,Normal
52.06,328.39,26.84,32,0.15,Normal
47.5,349.28,22.86,96,0.13,Normal
75.64,166.73,31.42,97,0.5,Leakage
52.78,330.85,27.16,103,0.25,Normal
34.26,346.75,29.41,84,0.3,Normal
43.35,281.09,21.34,74,0.19,Normal
89.11,119.17,30.24,66,0.66,Leakage
33.14,325.37,24.56,49,0.24,Normal
52.2,292.0,21.06,108,0.25,Normal
55.78,298.11,28.65,56,0.23,Normal
112.59,193.37,27.43,101,0.96,Leakage
36.7,342.54,28.88,97,0.26,Normal
109.66,179.07,30.47,105,0.79,Leakage
113.63,196.77,28.62,54,0.87,Leakage
105.87,155.51,25.33,132,0.52,Leakage
50.51,288.17,29.89,108,0.19,Normal
32.35,317.29,22.07,52,0.17,Normal
41.92,323.68,29.3,93,0.15,Normal
88.94,133.37,31.93,150,0.57,Leakage
118.76,199.55,30.25,127,0.84,Leakage
37.47,332.61,23.59,113,0.24,Normal
78.45,145.28,31.41,62,0.73,Leakage
59.35,289.17,22.04,37,0.18,Normal
103.56,183.76,34.31,131,0.97,Leakage
85.28,162.69,26.46,93,0.68,Leakage
59.17,333.23,28.73,87,0.17,Normal
30.28,309.94,25.63,32,0.1,Normal
58.54,310.6,23.68,116,0.2,Normal
51.13,332.93,24.61,88,0.25,Normal
59.38,330.47,24.2,33,0.22,Normal
30.11,340.82,24.16,107,0.17,Normal
32.72,300.2,25.24,42,0.17,Normal
44.98,319.83,23.97,81,0.26,Normal
54.63,333.23,28.53,71,0.27,Normal
105.14,161.39,27.35,123,0.52,Leakage
43.74,310.48,24.56,65,0.28,Normal
46.79,314.27,20.1,34,0.2,Normal
48.07,292.22,25.88,76,0.28,Normal
59.07,300.99,25.81,77,0.25,Normal
54.4,332.7,20.86,117,0.15,Normal
34.31,348.36,26.6,59,0.15,Normal
33.29,337.33,20.0,89,0.1,Normal
73.94,199.95,29.66,110,0.69,Leakage
36.7,334.12,28.32,30,0.22,Normal
56.51,335.44,26.8,112,0.11,Normal
39.15,344.35,27.68,98,0.17,Normal
81.32,159.83,25.92,111,0.96,Leakage
53.49,341.44,26.68,107,0.18,Normal
75.96,122.6,31.16,125,0.84,Leakage
53.67,297.14,22.62,78,0.13,Normal
77.58,154.1,31.08,107,0.62,Leakage
96.87,172.2,32.81,83,0.64,Leakage
52.4,305.95,23.34,97,0.11,Normal
41.23,323.91,23.49,58,0.14,Normal
40.52,300.95,27.22,45,0.22,Normal
30.09,302.92,27.31,85,0.29,Normal
33.13,338.49,22.05,73,0.28,Normal
57.71,314.82,29.51,99,0.22,Normal
108.78,129.92,25.81,94,0.88,Leakage
79.22,121.18,28.42,45,0.8,Leakage
103.6,219.43,31.55,52,0.59,Leakage
94.37,161.25,32.6,102,0.74,Leakage
94.92,168.23,30.91,60,0.88,Leakage
95.23,148.87,29.16,44,0.59,Leakage
36.76,349.96,20.4,110,0.28,Normal
49.69,308.99,20.23,70,0.24,Normal
43.33,307.85,20.67,60,0.22,Normal
59.66,337.0,29.26,106,0.13,Normal
45.74,318.45,24.43,73,0.17,Normal
36.12,334.48,20.82,57,0.21,Normal
107.03,139.35,28.78,142,0.96,Leakage
55.37,318.75,23.87,107,0.17,Normal
37.83,324.7,28.83,71,0.17,Normal
58.37,281.31,26.69,70,0.23,Normal
37.85,332.63,27.13,61,0.12,Normal
59.57,281.8,28.27,73,0.19,Normal
81.58,103.05,29.69,111,0.69,Leakage
35.47,308.24,23.46,47,0.26,Normal
56.85,286.79,26.1,77,0.26,Normal
59.68,312.28,26.37,34,0.23,Normal
52.13,302.84,27.3,56,0.22,Normal
115.02,210.09,27.76,129,0.65,Leakage
49.58,292.14,28.88,46,0.3,Normal
53.03,292.94,26.46,113,0.12,Normal
111.79,219.72,34.53,147,0.68,Leakage
33.16,349.8,23.39,51,0.2,Normal
43.25,348.67,24.24,94,0.24,Normal
34.31,302.69,26.45,81,0.2,Normal
118.72,182.77,29.96,113,0.76,Leakage
47.34,331.13,21.61,33,0.22,Normal
34.29,290.61,24.17,47,0.26,Normal
31.08,340.9,25.12,61,0.28,Normal
49.46,314.61,20.74,78,0.19,Normal
70.59,182.15,29.75,63,0.99,Leakage
51.59,328.41,20.42,35,0.25,Normal
108.09,171.6,26.78,100,0.97,Leakage
113.45,119.76,26.04,127,0.67,Leakage
39.04,282.7,24.62,104,0.29,Normal
53.95,310.07,28.7,82,0.25,Normal
34.71,302.39,20.92,115,0.27,Normal
30.82,320.08,22.01,80,0.28,Normal
50.53,293.46,22.72,56,0.14,Normal
36.88,281.66,27.3,101,0.17,Normal
103.8,161.93,32.78,114,0.95,Leakage
52.25,318.02,27.52,32,0.21,Normal
36.74,324.09,24.61,67,0.23,Normal
41.38,306.9,21.95,80,0.29,Normal
39.3,345.37,22.47,85,0.22,Normal
97.61,106.13,32.06,44,0.8,Leakage
58.7,311.08,21.99,71,0.25,Normal
45.71,333.95,25.68,105,0.23,Normal
44.34,317.08,20.45,83,0.14,Normal
41.23,289.73,21.06,48,0.17,Normal
98.61,114.12,34.0,41,0.99,Leakage
42.05,343.12,27.89,88,0.23,Normal
79.25,209.48,27.29,147,0.5,Leakage
45.66,304.6,23.27,77,0.22,Normal
37.87,341.96,21.09,42,0.28,Normal
30.17,301.21,27.83,83,0.25,Normal
88.16,153.05,28.9,85,0.73,Leakage
36.29,307.96,21.43,82,0.22,Normal
47.51,323.42,29.34,106,0.12,Normal
109.03,146.06,26.52,69,0.86,Leakage
49.0,304.92,26.98,100,0.2,Normal
32.03,316.22,23.77,41,0.29,Normal
37.63,299.88,29.13,109,0.14,Normal
87.82,169.83,28.77,77,0.76,Leakage
87.19,168.87,32.78,95,0.94,Leakage
48.36,317.76,25.22,30,0.17,Normal
104.01,130.51,30.56,128,0.79,Leakage
103.85,191.96,31.6,77,0.95,Leakage
42.57,289.29,25.98,113,0.23,Normal
71.93,116.14,28.32,75,1.0,Leakage
50.25,280.5,22.17,39,0.28,Normal
35.96,345.44,25.23,43,0.22,Normal
101.31,107.9,33.25,49,0.88,Leakage
41.41,332.96,26.37,118,0.14,Normal
50.83,346.66,21.62,101,0.25,Normal
48.21,303.56,23.46,42,0.15,Normal
35.46,330.29,24.84,106,0.17,Normal
54.67,332.81,26.78,47,0.16,Normal
80.89,217.33,31.25,45,0.66,Leakage
34.07,287.66,26.09,116,0.27,Normal
114.24,125.14,34.39,88,1.0,Leakage
117.81,115.22,34.68,73,0.63,Leakage
34.23,335.04,23.92,95,0.17,Normal
102.95,104.47,29.31,130,0.85,Leakage
44.84,300.31,29.99,76,0.13,Normal
45.15,284.24,24.59,96,0.26,Normal
30.39,327.65,28.09,31,0.29,Normal
85.04,105.87,29.93,89,0.59,Leakage
56.19,300.77,23.53,93,0.29,Normal
74.62,168.94,33.97,48,0.54,Leakage
30.6,296.01,25.64,93,0.2,Normal
49.73,325.86,24.11,51,0.19,Normal
34.17,311.77,23.51,106,0.11,Normal
43.51,307.85,25.39,108,0.22,Normal
45.28,286.19,23.4,59,0.22,Normal
31.81,282.11,24.91,106,0.25,Normal
46.93,284.45,20.18,85,0.1,Normal
113.44,210.51,30.42,100,0.84,Leakage
78.58,134.55,33.15,53,0.68,Leakage
36.59,321.48,26.97,33,0.15,Normal
53.98,326.37,21.74,117,0.2,Normal
44.98,289.36,25.25,60,0.13,Normal
71.84,132.23,32.54,86,0.9,Leakage
110.5,130.32,32.35,58,0.66,Leakage
48.17,338.44,25.05,60,0.14,Normal
78.5,140.03,25.58,57,0.78,Leakage
59.78,322.21,28.21,49,0.23,Normal
35.44,320.07,24.23,40,0.17,Normal
55.74,335.04,21.46,93,0.26,Normal
113.09,120.07,30.15,49,0.96,Leakage
48.53,287.9,24.46,87,0.28,Normal
56.86,297.59,28.71,75,0.21,Normal
38.28,290.92,27.8,58,0.16,Normal
106.47,160.95,30.05,108,0.87,Leakage
54.08,292.27,25.27,109,0.14,Normal
38.6,288.1,29.58,94,0.19,Normal
35.84,325.9,27.78,31,0.22,Normal
70.16,126.08,34.81,80,0.57,Leakage
100.29,193.7,25.16,126,0.55,Leakage
40.01,286.7,24.07,106,0.2,Normal
106.92,156.1,28.56,46,0.88,Leakage
97.52,212.18,34.63,66,0.8,Leakage
52.5,291.0,28.28,83,0.23,Normal
117.71,175.15,25.91,50,0.97,Leakage
36.66,342.64,22.25,105,0.21,Normal
44.88,291.91,21.85,92,0.22,Normal
50.58,337.17,23.28,94,0.19,Normal
119.68,154.65,28.31,44,0.95,Leakage
36.11,342.18,22.17,31,0.18,Normal
32.76,316.28,25.61,31,0.26,Normal
117.23,140.84,31.3,144,0.95,Leakage
57.26,329.4,23.45,59,0.27,Normal
42.17,312.01,25.67,30,0.1,Normal
48.55,333.63,26.5,60,0.19,Normal
114.64,193.87,29.07,101,0.94,Leakage
33.19,293.95,22.53,106,0.18,Normal
59.95,296.39,22.52,79,0.14,Normal
32.6,330.39,29.97,35,0.13,Normal
41.25,294.44,22.85,54,0.16,Normal
106.61,201.3,27.68,123,0.9,Leakage
56.25,347.38,25.88,44,0.16,Normal
49.05,281.81,20.8,82,0.28,Normal
45.42,329.83,21.63,56,0.15,Normal
50.23,314.66,25.29,61,0.21,Normal
56.43,302.14,21.7,68,0.3,Normal
56.66,311.36,26.42,58,0.21,Normal
59.53,308.85,21.63,69,0.17,Normal
108.69,194.81,27.66,79,0.51,Leakage
85.35,150.77,29.98,149,0.72,Leakage
37.33,297.12,26.41,31,0.15,Normal
51.83,296.51,23.48,79,0.2,Normal
53.06,280.74,21.24,102,0.19,Normal
51.89,291.44,29.72,116,0.19,Normal
53.75,321.45,20.63,52,0.2,Normal
93.26,172.92,25.63,150,0.53,Leakage
38.24,325.67,26.81,69,0.18,Normal
32.65,291.3,28.89,37,0.23,Normal
51.05,284.14,21.7,100,0.19,Normal
84.34,172.33,27.21,111,0.95,Leakage
78.17,126.74,26.45,94,0.92,Leakage
39.85,298.96,22.07,114,0.23,Normal
54.65,319.09,20.45,120,0.19,Normal
110.21,159.95,33.18,102,0.98,Leakage
45.07,343.26,23.81,100,0.21,Normal
46.32,319.15,21.67,61,0.1,Normal
96.92,166.7,33.14,141,0.58,Leakage
119.65,209.11,25.11,138,0.88,Leakage
98.46,167.65,34.55,99,0.61,Leakage
82.87,155.14,32.47,66,0.66,Leakage
38.93,305.31,26.65,35,0.24,Normal
52.69,338.62,27.79,114,0.17,Normal
54.44,342.31,24.3,93,0.2,Normal
30.11,281.95,21.3,100,0.11,Normal
91.37,144.57,30.36,110,0.77,Leakage
43.32,314.86,21.05,102,0.2,Normal
40.48,319.2,28.58,81,0.12,Normal
114.36,172.99,27.83,131,0.89,Leakage
50.92,313.44,21.21,34,0.25,Normal
44.89,292.99,28.26,103,0.27,Normal
47.54,305.06,25.16,50,0.14,Normal
40.67,300.37,24.85,113,0.15,Normal
53.42,297.52,23.03,64,0.27,Normal
35.98,313.74,24.62,90,0.11,Normal
51.2,282.95,24.32,36,0.2,Normal
49.64,331.25,22.7,96,0.13,Normal
39.56,325.05,29.66,115,0.11,Normal
106.33,150.53,31.08,100,0.78,Leakage
38.65,305.79,26.11,107,0.12,Normal
42.43,309.51,29.74,36,0.19,Normal
42.81,328.74,22.84,119,0.16,Normal
80.8,205.14,26.07,40,0.52,Leakage
40.03,281.48,22.24,114,0.19,Normal
34.58,324.74,20.35,51,0.1,Normal
44.18,335.93,28.31,71,0.29,Normal
59.53,286.3,21.76,86,0.16,Normal
101.09,185.93,26.22,44,0.75,Leakage
70.3,214.93,29.65,142,0.88,Leakage
41.6,289.46,20.21,93,0.11,Normal
99.79,201.22,25.19,117,0.97,Leakage
59.74,307.88,23.66,35,0.17,Normal
56.23,346.71,20.47,94,0.28,Normal
32.78,309.78,23.36,42,0.27,Normal
36.57,288.83,28.84,108,0.16,Normal
53.14,283.49,24.86,91,0.12,Normal
50.59,296.11,25.43,52,0.18,Normal
48.06,340.24,26.67,81,0.27,Normal
56.74,331.49,24.09,54,0.2,Normal
53.81,299.81,23.69,73,0.24,Normal
56.46,314.1,27.49,43,0.23,Normal
49.86,288.83,28.7,63,0.18,Normal
112.21,194.03,25.42,131,0.97,Leakage
39.2,343.89,27.01,66,0.15,Normal
89.01,214.67,34.79,116,0.91,Leakage
58.9,347.25,20.19,94,0.26,Normal
45.32,305.2,21.56,78,0.16,Normal
54.68,342.42,20.08,115,0.15,Normal
43.55,325.85,27.5,114,0.13,Normal
45.55,309.97,26.03,103,0.17,Normal
58.48,283.29,26.44,67,0.22,Normal
77.34,104.93,27.16,65,0.76,Leakage
55.87,295.55,23.18,119,0.17,Normal
38.58,332.49,28.85,88,0.15,Normal
58.44,299.52,22.03,32,0.29,Normal
59.74,337.5,27.9,56,0.2,Normal
52.82,345.62,21.72,113,0.13,Normal
101.64,166.15,34.48,87,0.76,Leakage
95.51,137.43,26.66,141,0.97,Leakage
40.23,327.01,29.04,79,0.12,Normal
93.99,201.7,26.9,80,0.57,Leakage
41.94,287.52,27.43,80,0.12,Normal
56.15,291.51,26.68,74,0.15,Normal
49.83,308.37,27.73,99,0.12,Normal
39.74,349.08,23.6,103,0.15,Normal
33.23,326.24,25.37,114,0.18,Normal
59.87,297.06,23.9,45,0.25,Normal
44.65,327.85,24.82,74,0.28,Normal
50.24,331.51,24.73,82,0.2,Normal
41.1,314.65,29.94,85,0.12,Normal
101.92,159.92,29.55,106,0.7,Leakage
106.43,123.4,29.61,65,0.55,Leakage
32.87,316.83,25.91,79,0.11,Normal
40.25,301.26,21.17,117,0.12,Normal
54.32,316.23,24.18,58,0.28,Normal
41.23,305.79,29.36,99,0.16,Normal
49.43,343.79,29.32,72,0.15,Normal
48.77,332.06,24.19,51,0.11,Normal
97.16,191.48,30.18,72,0.61,Leakage
34.47,344.94,28.21,42,0.18,Normal
57.61,339.17,27.55,38,0.25,Normal
39.86,299.67,28.89,97,0.12,Normal
56.51,332.92,24.21,37,0.14,Normal
37.93,316.67,26.16,59,0.11,Normal
39.81,337.77,21.49,44,0.12,Normal
98.87,216.88,33.85,95,0.79,Leakage
38.22,286.45,25.52,71,0.21,Normal
42.9,346.13,23.81,50,0.15,Normal
37.97,345.5,24.16,33,0.14,Normal
109.01,117.55,25.54,76,0.6,Leakage
37.36,328.23,26.93,36,0.29,Normal
38.91,302.37,22.94,120,0.19,Normal
32.01,303.57,25.3,100,0.23,Normal
46.24,307.2,24.18,30,0.16,Normal
46.29,299.75,20.07,35,0.24,Normal
38.14,293.89,22.25,72,0.14,Normal
58.78,286.77,28.66,68,0.18,Normal
38.2,291.14,23.29,58,0.1,Normal
105.0,108.01,34.62,116,0.97,Leakage
51.86,310.8,20.09,56,0.14,Normal
109.35,170.26,27.59,47,0.64,Leakage
56.28,305.91,24.12,108,0.19,Normal
40.76,318.76,26.9,76,0.24,Normal
58.98,328.46,26.49,50,0.22,Normal
54.39,293.09,29.38,56,0.26,Normal
106.72,149.42,33.05,108,0.63,Leakage
51.68,293.84,24.41,39,0.3,Normal
38.6,300.61,26.63,90,0.14,Normal
54.77,346.22,27.77,42,0.26,Normal
32.23,310.92,26.44,43,0.28,Normal
51.32,289.44,29.83,48,0.28,Normal
75.64,209.26,25.54,115,0.69,Leakage
115.51,119.5,28.21,90,0.63,Leakage
53.35,297.54,29.69,108,0.19,Normal
56.64,332.93,27.62,113,0.12,Normal
85.38,207.01,28.81,93,0.71,Leakage
51.14,343.57,24.92,34,0.15,Normal
102.26,101.12,33.43,61,0.5,Leakage
45.07,300.66,22.98,96,0.21,Normal
54.38,297.33,28.2,62,0.29,Normal
116.19,199.11,26.85,42,0.5,Leakage
54.12,292.73,24.73,83,0.3,Normal
37.01,342.09,22.46,115,0.27,Normal
38.43,281.94,29.23,30,0.17,Normal
33.56,295.54,20.7,95,0.21,Normal
53.31,308.24,20.48,35,0.27,Normal
46.04,283.74,24.25,99,0.22,Normal
47.91,349.36,29.98,30,0.19,Normal
48.02,349.86,24.11,88,0.22,Normal
108.18,201.84,30.28,117,0.84,Leakage
94.19,218.82,28.02,112,0.98,Leakage
30.83,323.52,20.29,92,0.11,Normal
53.71,297.43,27.6,35,0.17,Normal
98.88,213.98,27.74,78,0.74,Leakage
36.07,302.85,20.71,64,0.2,Normal
34.35,319.2,21.54,38,0.25,Normal
46.98,313.96,21.59,68,0.3,Normal
42.3,341.37,20.62,63,0.3,Normal
41.56,286.77,26.38,45,0.2,Normal
43.34,302.64,20.55,88,0.16,Normal
55.44,345.95,21.77,60,0.11,Normal
54.29,300.38,29.78,98,0.25,Normal
41.92,328.41,23.52,112,0.19,Normal
46.63,299.69,26.13,59,0.27,Normal
49.75,338.32,29.26,99,0.26,Normal
31.33,330.24,27.19,99,0.1,Normal
45.52,302.31,21.26,60,0.23,Normal
117.82,163.77,26.42,146,0.73,Leakage
55.27,293.65,28.21,47,0.17,Normal
103.59,210.94,31.31,104,0.74,Leakage
39.04,326.86,21.46,77,0.15,Normal
73.5,123.86,29.04,137,0.53,Leakage
47.99,334.46,29.5,45,0.24,Normal
32.74,323.27,25.54,62,0.21,Normal
35.5,338.92,29.31,34,0.11,Normal
53.55,335.9,26.87,76,0.24,Normal
39.56,317.67,28.65,81,0.22,Normal
59.85,338.52,20.48,110,0.17,Normal
112.16,104.6,31.29,114,0.57,Leakage
34.71,315.15,25.66,86,0.14,Normal
50.23,307.0,21.17,98,0.18,Normal
58.05,291.35,20.84,85,0.25,Normal
35.43,293.32,29.01,44,0.17,Normal
86.32,150.3,28.56,43,0.87,Leakage
109.19,101.88,30.3,130,0.91,Leakage
55.77,290.83,27.72,86,0.2,Normal
97.36,110.69,27.95,129,0.87,Leakage
52.35,298.17,21.96,30,0.25,Normal
47.93,287.06,24.21,49,0.16,Normal
35.07,302.36,29.3,35,0.23,Normal
85.8,199.37,30.69,77,0.73,Leakage
52.63,305.24,26.26,99,0.16,Normal
46.68,282.62,23.57,115,0.26,Normal
40.01,305.54,27.09,78,0.22,Normal
37.23,313.52,28.51,44,0.21,Normal
49.17,345.16,28.5,35,0.14,Normal
37.98,288.94,28.26,85,0.27,Normal
117.64,153.82,30.53,127,0.79,Leakage
42.23,290.63,24.53,37,0.18,Normal
52.92,327.64,29.66,42,0.2,Normal
49.36,320.93,29.19,113,0.12,Normal
50.86,309.07,20.49,65,0.17,Normal
58.67,317.52,24.32,62,0.19,Normal
59.76,282.9,26.44,94,0.15,Normal
101.08,217.07,31.16,112,0.98,Leakage
37.09,330.34,23.52,47,0.19,Normal
88.85,172.85,28.84,47,0.85,Leakage
31.49,321.26,21.41,43,0.27,Normal
115.8,192.05,27.98,92,0.9,Leakage
46.03,309.23,26.39,31,0.26,Normal
44.41,322.46,27.16,44,0.21,Normal
53.78,305.13,23.55,120,0.24,Normal
48.04,342.64,25.08,69,0.11,Normal
86.55,147.25,31.81,111,0.52,Leakage
103.54,209.63,29.66,147,0.57,Leakage
59.09,310.58,20.46,110,0.24,Normal
77.78,107.68,34.95,79,0.51,Leakage
40.57,326.41,29.76,93,0.23,Normal
35.64,300.6,29.66,57,0.28,Normal
50.56,311.69,25.9,38,0.3,Normal
49.04,347.66,26.11,87,0.18,Normal
57.64,299.29,28.66,39,0.3,Normal
114.91,130.02,26.33,47,0.82,Leakage
50.81,302.77,25.53,63,0.18,Normal
48.93,331.21,20.34,66,0.27,Normal
56.33,332.27,26.56,78,0.25,Normal
51.56,312.51,25.39,113,0.19,Normal
83.27,181.83,34.08,85,1.0,Leakage
32.07,312.51,24.93,37,0.12,Normal
111.12,131.94,25.12,65,0.59,Leakage
47.04,293.38,22.45,84,0.16,Normal
31.53,324.89,27.06,45,0.28,Normal
44.17,315.13,22.91,115,0.12,Normal
39.77,328.64,20.23,112,0.27,Normal
84.6,141.8,34.67,108,0.84,Leakage
37.34,347.08,21.15,57,0.29,Normal
47.62,283.45,29.1,86,0.25,Normal
37.69,301.03,20.49,56,0.27,Normal
78.63,101.85,26.29,93,0.63,Leakage
42.99,348.02,23.5,62,0.28,Normal
30.65,331.37,20.97,96,0.24,Normal
45.47,345.92,29.26,59,0.17,Normal
36.54,305.69,25.41,94,0.18,Normal
77.94,213.95,25.98,99,0.91,Leakage
32.39,324.13,28.49,101,0.13,Normal
39.98,349.92,24.9,115,0.25,Normal
48.86,316.93,21.69,102,0.23,Normal
75.85,197.97,28.81,104,0.56,Leakage
33.48,341.26,26.82,71,0.13,Normal
50.94,286.24,20.1,72,0.23,Normal
58.31,339.36,21.52,48,0.26,Normal
45.61,344.73,23.78,106,0.15,Normal
32.91,339.47,24.84,51,0.18,Normal
57.44,347.34,25.15,69,0.12,Normal
116.37,188.11,26.13,82,0.71,Leakage
58.5,329.97,23.34,77,0.26,Normal
30.79,292.26,28.47,56,0.24,Normal
117.61,218.4,31.51,108,0.79,Leakage
51.88,282.61,23.63,90,0.13,Normal
47.39,285.64,22.26,64,0.25,Normal
42.94,334.2,21.64,58,0.19,Normal
106.98,161.77,29.58,123,0.73,Leakage
39.66,301.37,24.21,70,0.28,Normal
52.74,301.96,24.2,54,0.23,Normal
98.28,123.37,32.97,138,0.5,Leakage
109.74,168.73,26.08,76,0.76,Leakage
73.19,111.31,33.1,103,0.95,Leakage
34.23,337.58,29.44,60,0.21,Normal
82.07,150.34,26.14,59,0.57,Leakage
44.87,294.88,24.23,74,0.17,Normal
95.43,208.36,29.88,136,0.81,Leakage
83.31,100.71,29.58,73,0.95,Leakage
36.51,286.75,24.4,69,0.29,Normal
55.76,315.92,21.71,110,0.28,Normal
44.43,295.9,20.91,46,0.25,Normal
88.92,160.39,27.62,99,0.73,Leakage
96.45,154.99,25.47,120,0.78,Leakage
88.89,170.19,27.04,60,0.77,Leakage
38.7,290.99,25.74,96,0.25,Normal
32.52,327.45,24.72,94,0.19,Normal
76.69,143.64,33.2,53,0.86,Leakage
43.69,330.36,25.25,67,0.27,Normal
40.05,338.97,28.35,81,0.29,Normal
36.37,303.63,25.43,106,0.14,Normal
76.66,113.4,30.51,47,0.67,Leakage
103.52,160.28,27.27,130,0.71,Leakage
41.0,343.38,27.1,101,0.16,Normal
40.24,322.45,20.24,109,0.22,Normal
50.55,298.55,26.53,61,0.28,Normal
58.15,314.89,26.49,103,0.21,Normal
43.29,302.62,29.14,64,0.25,Normal
91.2,151.78,26.75,132,0.84,Leakage
46.83,349.55,24.73,97,0.23,Normal
112.96,207.86,31.7,128,0.52,Leakage
43.15,320.34,20.07,99,0.17,Normal
94.33,115.33,30.68,65,0.76,Leakage
42.25,326.32,24.09,84,0.12,Normal
76.37,184.58,29.48,129,0.62,Leakage
93.93,140.28,32.55,54,0.75,Leakage
47.66,304.21,22.62,109,0.23,Normal
48.17,294.57,21.66,89,0.12,Normal
59.04,332.21,29.96,40,0.22,Normal
116.36,210.23,34.45,119,0.91,Leakage
40.97,316.81,28.49,66,0.26,Normal
74.14,194.82,27.57,79,0.79,Leakage
49.24,320.74,23.11,111,0.22,Normal
78.57,154.41,26.33,46,0.85,Leakage
42.59,290.94,24.17,66,0.21,Normal
39.88,297.72,21.05,50,0.1,Normal
32.44,285.82,28.46,41,0.2,Normal
95.71,183.73,26.2,125,0.55,Leakage
47.49,331.74,24.34,66,0.15,Normal
54.34,314.26,26.71,116,0.17,Normal
56.73,316.89,26.05,116,0.14,Normal
40.61,306.79,21.61,88,0.19,Normal
80.12,184.74,32.61,50,0.85,Leakage
57.0,330.35,29.59,87,0.12,Normal
55.48,308.66,26.15,78,0.27,Normal
42.89,342.57,29.24,81,0.19,Normal
41.79,303.51,29.16,53,0.16,Normal
57.71,318.51,21.68,56,0.16,Normal
73.14,100.86,33.46,110,0.63,Leakage
44.95,297.81,26.99,104,0.3,Normal
48.75,331.24,21.98,105,0.12,Normal
118.24,107.41,25.88,119,0.91,Leakage
32.78,307.99,28.48,48,0.27,Normal
43.68,316.14,26.49,50,0.26,Normal
86.16,129.46,29.64,115,0.67,Leakage
70.15,125.08,30.08,141,0.71,Leakage
91.46,140.53,26.64,148,0.77,Leakage
56.35,292.65,29.32,51,0.11,Normal
37.31,346.97,23.76,95,0.23,Normal
77.75,191.56,30.9,113,0.6,Leakage
104.63,200.61,26.58,117,0.51,Leakage
55.39,291.51,28.65,69,0.13,Normal
94.4,216.56,27.74,84,0.95,Leakage
46.73,334.66,29.2,71,0.25,Normal
93.01,135.91,29.57,135,0.5,Leakage
55.81,290.73,27.88,104,0.29,Normal
36.96,300.88,22.27,107,0.12,Normal
44.06,282.42,28.66,109,0.25,Normal
59.44,328.14,20.41,51,0.13,Normal
81.87,165.39,31.28,143,0.71,Leakage
110.1,111.52,29.21,59,0.76,Leakage
58.51,313.23,28.23,100,0.2,Normal
47.44,339.35,29.34,102,0.16,Normal
50.29,321.15,26.88,51,0.14,Normal
43.3,329.52,26.81,90,0.18,Normal
33.46,344.24,25.46,74,0.28,Normal
99.51,149.29,33.77,88,0.98,Leakage
46.08,338.71,24.54,85,0.22,Normal
30.22,347.45,23.88,117,0.22,Normal
30.94,300.42,28.07,49,0.21,Normal
32.85,326.23,20.56,68,0.11,Normal
45.82,293.22,25.93,55,0.26,Normal
59.34,300.19,23.34,59,0.23,Normal
58.71,329.25,24.71,61,0.2,Normal
78.98,163.85,34.66,84,0.56,Leakage
44.17,307.98,29.79,82,0.19,Normal
89.28,196.34,29.56,146,0.74,Leakage
53.0,293.79,24.3,51,0.27,Normal
93.5,133.1,33.76,140,0.68,Leakage
51.56,323.63,29.43,110,0.24,Normal
35.34,314.1,28.01,113,0.13,Normal
39.27,292.12,22.69,72,0.19,Normal
46.29,294.25,21.65,107,0.13,Normal
33.63,315.85,21.88,102,0.21,Normal
41.58,338.27,29.33,75,0.27,Normal
48.65,324.62,24.31,75,0.16,Normal
47.25,285.54,27.38,70,0.15,Normal
30.27,349.18,21.04,79,0.11,Normal
40.28,315.16,25.91,62,0.26,Normal
55.77,303.59,23.85,98,0.15,Normal
89.09,111.19,34.27,148,0.96,Leakage
42.42,326.29,21.23,44,0.14,Normal
87.05,172.62,26.36,111,0.94,Leakage
59.58,295.98,26.77,64,0.17,Normal
45.86,336.85,22.06,43,0.1,Normal
55.69,290.62,28.89,118,0.13,Normal
50.63,314.54,23.52,86,0.2,Normal
88.87,169.25,26.31,139,0.62,Leakage
52.7,341.72,28.4,76,0.19,Normal
45.47,298.67,25.1,113,0.14,Normal
113.97,128.37,30.08,74,0.6,Leakage
59.8,301.21,25.65,115,0.26,Normal
45.33,289.07,20.89,42,0.13,Normal
119.03,181.53,25.55,135,0.52,Leakage
54.16,332.07,28.94,42,0.13,Normal
46.84,306.44,25.45,73,0.16,Normal
38.73,291.45,27.52,46,0.16,Normal
94.14,180.32,30.04,138,0.65,Leakage
57.04,308.68,20.44,98,0.21,Normal
44.25,347.34,21.98,47,0.24,Normal
35.9,305.27,20.17,36,0.2,Normal
43.54,285.12,24.78,33,0.15,Normal
34.57,331.5,26.34,114,0.17,Normal
49.57,343.01,20.35,110,0.11,Normal
43.16,323.45,20.03,60,0.15,Normal
46.13,308.57,22.42,53,0.14,Normal
39.72,315.64,25.54,51,0.27,Normal
41.49,328.2,27.62,99,0.28,Normal
114.73,125.34,27.74,64,0.9,Leakage
111.56,112.6,34.35,56,0.55,Leakage
59.75,345.52,26.46,46,0.3,Normal
75.37,134.89,27.83,65,0.59,Leakage
110.76,204.83,31.48,49,0.6,Leakage
47.96,316.14,27.73,89,0.28,Normal
46.92,311.68,24.41,72,0.25,Normal
37.52,292.16,23.27,58,0.19,Normal
30.28,295.13,25.99,93,0.21,Normal
35.21,290.54,23.04,65,0.18,Normal
95.66,128.28,29.61,74,0.7,Leakage
104.94,197.4,32.11,109,0.72,Leakage
49.44,311.72,25.91,35,0.12,Normal
56.04,296.03,20.33,86,0.22,Normal
58.14,318.66,27.6,88,0.16,Normal
117.93,106.58,32.79,63,0.93,Leakage
96.93,121.33,34.04,84,0.79,Leakage
107.38,116.19,25.7,127,0.77,Leakage
35.91,339.48,20.44,36,0.22,Normal
86.56,147.59,25.04,149,0.6,Leakage
51.21,317.17,23.96,60,0.24,Normal
48.8,286.6,20.58,89,0.21,Normal
48.53,283.4,25.44,98,0.27,Normal
44.72,283.07,27.84,69,0.19,Normal
110.04,214.55,31.98,47,1.0,Leakage
50.51,342.31,28.63,60,0.25,Normal
98.62,188.29,31.21,49,0.66,Leakage
119.71,193.5,30.36,46,0.84,Leakage
97.1,182.69,34.13,130,0.65,Leakage
32.44,330.98,28.83,43,0.15,Normal
55.65,329.37,28.26,45,0.18,Normal
59.99,309.5,22.57,44,0.19,Normal
74.94,183.93,28.0,125,0.76,Leakage
48.87,332.15,21.59,52,0.26,Normal
48.99,327.59,22.42,73,0.27,Normal
42.63,344.15,28.37,66,0.2,Normal
35.76,293.26,25.9,115,0.23,Normal
48.17,325.85,21.02,109,0.22,Normal
49.86,308.64,29.12,85,0.12,Normal
40.61,329.75,29.72,48,0.28,Normal
113.05,136.38,30.04,49,0.59,Leakage
93.2,134.7,26.14,134,0.62,Leakage
92.39,212.53,34.08,43,1.0,Leakage
58.56,347.82,20.59,100,0.29,Normal
91.23,151.74,33.2,86,0.91,Leakage
33.93,302.15,29.28,60,0.1,Normal
41.29,314.66,20.4,31,0.2,Normal
55.34,321.51,24.45,114,0.27,Normal
31.35,337.76,29.55,81,0.15,Normal
40.07,296.85,28.07,70,0.25,Normal
90.42,185.3,34.83,137,0.87,Leakage
35.25,333.85,20.05,31,0.3,Normal
52.05,311.37,21.89,106,0.12,Normal
106.04,184.61,33.18,138,0.87,Leakage
56.96,326.86,25.01,112,0.25,Normal
79.53,180.77,28.62,85,0.78,Leakage
36.33,323.07,29.64,114,0.17,Normal
46.78,296.92,29.23,71,0.22,Normal
42.12,314.57,22.18,78,0.24,Normal
113.15,178.84,31.29,68,0.64,Leakage
100.89,138.6,28.86,94,0.88,Leakage
53.17,312.67,29.07,64,0.21,Normal
56.17,343.04,23.08,73,0.18,Normal
58.84,281.48,23.91,91,0.27,Normal
36.69,338.26,29.67,90,0.26,Normal
57.95,308.14,29.07,103,0.21,Normal
54.05,289.76,21.48,74,0.27,Normal
37.73,309.1,23.11,58,0.26,Normal
45.9,321.56,23.67,99,0.27,Normal
40.29,284.39,26.63,67,0.12,Normal
51.13,343.16,29.31,107,0.24,Normal
46.33,307.92,25.95,87,0.25,Normal
44.23,292.17,21.49,82,0.11,Normal
33.81,298.49,22.75,116,0.25,Normal
32.32,316.81,25.83,116,0.26,Normal
91.59,111.55,30.8,130,0.74,Leakage
32.41,329.39,23.57,70,0.15,Normal
54.65,282.83,22.6,76,0.29,Normal
40.95,319.59,22.96,30,0.12,Normal
48.16,294.05,20.32,44,0.29,Normal
91.83,128.19,32.08,86,0.61,Leakage
95.02,128.85,29.18,117,0.71,Leakage
49.98,311.54,23.67,100,0.19,Normal
33.49,296.69,23.15,101,0.27,Normal
59.46,305.87,28.3,64,0.24,Normal
40.1,345.18,20.37,114,0.25,Normal
58.34,298.98,27.21,71,0.17,Normal
53.08,281.55,21.21,55,0.24,Normal
88.41,217.78,34.63,48,0.79,Leakage
30.27,285.47,28.95,42,0.12,Normal
108.15,168.48,28.94,134,0.94,Leakage
92.85,115.92,30.35,119,0.85,Leakage
47.46,331.26,24.58,114,0.24,Normal
35.82,281.15,20.04,35,0.18,Normal
48.54,289.72,23.25,109,0.24,Normal
30.53,300.03,27.78,101,0.12,Normal
31.39,303.54,21.23,66,0.29,Normal
30.43,296.97,25.52,60,0.22,Normal
36.87,321.48,22.46,116,0.24,Normal
34.87,284.11,28.64,67,0.11,Normal
33.05,314.59,25.82,75,0.2,Normal
42.19,295.48,27.33,94,0.15,Normal
39.53,303.34,23.1,112,0.29,Normal
42.17,314.67,25.11,61,0.25,Normal
58.47,349.93,25.68,52,0.17,Normal
45.67,310.14,25.09,117,0.17,Normal
40.18,343.06,21.64,33,0.28,Normal
53.08,334.35,26.63,114,0.27,Normal
58.72,348.24,23.2,35,0.19,Normal
42.19,312.02,29.41,36,0.16,Normal
42.79,338.78,26.47,59,0.15,Normal
57.89,290.39,28.6,93,0.23,Normal
104.92,120.68,26.42,65,0.66,Leakage
50.13,337.13,27.39,59,0.21,Normal
35.01,315.65,23.6,105,0.14,Normal
76.89,113.89,25.95,50,0.94,Leakage
48.41,326.83,27.76,86,0.13,Normal
87.87,176.72,29.64,123,0.91,Leakage
45.51,313.23,26.62,108,0.13,Normal
32.99,335.97,29.49,102,0.22,Normal
114.93,203.44,25.72,83,0.92,Leakage
57.2,307.72,22.01,106,0.11,Normal
33.26,340.4,26.7,94,0.11,Normal
92.37,104.94,32.43,129,0.95,Leakage
42.44,310.64,20.18,73,0.19,Normal
47.45,292.98,23.35,98,0.11,Normal
33.83,322.36,29.56,58,0.19,Normal
42.58,284.96,22.17,47,0.12,Normal
73.74,129.59,28.36,43,0.74,Leakage
30.12,319.88,28.28,56,0.13,Normal
42.58,338.51,24.98,38,0.11,Normal
39.27,331.37,20.54,76,0.15,Normal
71.7,184.51,28.69,137,0.9,Leakage
55.96,328.6,25.3,34,0.29,Normal
104.71,119.41,28.85,114,0.65,Leakage
41.82,326.85,27.39,79,0.28,Normal
45.51,339.13,22.91,64,0.2,Normal
74.7,164.62,33.83,116,0.55,Leakage
54.09,280.09,25.72,80,0.2,Normal
46.26,300.04,27.28,120,0.22,Normal
100.27,124.57,28.72,52,0.81,Leakage
44.67,303.54,28.22,85,0.19,Normal
83.28,103.07,29.03,136,0.65,Leakage
80.82,105.49,28.76,80,0.82,Leakage
31.96,304.93,29.72,81,0.28,Normal
52.62,290.0,26.02,72,0.27,Normal
94.53,143.38,34.79,132,0.75,Leakage
73.57,178.77,27.25,144,0.83,Leakage
84.08,218.5,27.39,144,0.94,Leakage
88.85,124.07,33.19,114,0.68,Leakage
59.7,300.23,25.98,56,0.29,Normal
50.09,327.79,20.54,100,0.14,Normal
75.3,128.93,25.31,120,0.67,Leakage
115.45,191.5,26.53,65,0.57,Leakage
59.03,286.58,27.59,78,0.12,Normal
88.69,166.76,30.6,136,0.57,Leakage
53.34,337.91,23.98,94,0.11,Normal
79.24,160.64,30.01,78,0.97,Leakage
52.39,295.01,29.87,63,0.28,Normal
95.08,168.96,28.7,121,0.62,Leakage
83.39,158.74,27.76,128,0.93,Leakage
46.17,308.22,28.28,75,0.18,Normal
81.81,178.68,33.12,86,0.86,Leakage
52.77,322.48,28.08,34,0.17,Normal
33.54,327.29,24.19,38,0.29,Normal
105.63,125.31,25.16,51,0.54,Leakage
56.67,297.02,29.78,111,0.18,Normal
31.24,285.56,27.3,107,0.22,Normal
50.64,348.35,23.86,108,0.23,Normal
54.51,307.51,29.53,81,0.23,Normal
49.48,295.07,22.74,105,0.19,Normal
35.8,304.97,26.83,63,0.2,Normal
45.14,337.61,27.28,105,0.25,Normal
49.67,307.59,26.02,76,0.12,Normal
45.92,283.48,21.48,93,0.24,Normal
34.62,294.19,25.03,113,0.29,Normal
51.19,297.31,23.48,98,0.22,Normal
54.5,297.07,26.58,97,0.27,Normal
48.68,322.49,22.11,32,0.27,Normal
50.3,328.44,29.26,34,0.3,Normal
37.81,326.2,25.51,103,0.22,Normal
106.6,175.67,30.59,119,0.61,Leakage
109.99,188.09,34.12,102,0.73,Leakage
36.73,321.91,27.48,46,0.28,Normal
47.38,320.47,25.11,77,0.3,Normal
46.56,325.59,23.3,65,0.25,Normal
32.97,305.89,24.69,71,0.13,Normal
47.59,282.49,22.33,75,0.14,Normal
47.21,309.17,25.45,49,0.23,Normal
49.05,304.76,21.69,68,0.29,Normal
79.15,159.48,26.07,68,0.79,Leakage
39.31,341.77,26.55,113,0.12,Normal
58.47,289.09,23.84,54,0.13,Normal
33.4,325.47,28.19,115,0.12,Normal
43.67,342.75,29.43,76,0.14,Normal
53.56,308.98,23.25,76,0.25,Normal
38.93,313.28,20.75,83,0.15,Normal
90.15,113.22,28.0,51,0.56,Leakage
74.98,205.01,26.24,46,0.91,Leakage
47.33,345.6,25.64,69,0.25,Normal
47.92,299.06,28.93,37,0.28,Normal
59.99,314.63,25.11,111,0.2,Normal
82.76,190.13,33.43,83,0.65,Leakage
33.93,309.86,22.5,46,0.29,Normal
40.69,332.41,25.43,68,0.17,Normal
37.31,312.26,27.59,70,0.27,Normal
44.54,348.65,26.9,87,0.23,Normal
76.3,183.82,28.0,129,0.8,Leakage
48.15,297.54,21.52,65,0.2,Normal
73.45,173.53,28.69,66,0.93,Leakage
30.15,338.97,23.92,39,0.28,Normal
58.64,303.07,21.73,71,0.13,Normal
47.32,315.99,21.78,52,0.19,Normal
37.54,290.86,20.55,56,0.24,Normal
53.7,337.87,24.19,36,0.23,Normal
41.66,325.13,24.96,102,0.18,Normal
50.09,317.66,21.61,119,0.3,Normal
83.39,111.91,34.98,86,0.65,Leakage
51.29,344.56,27.15,41,0.24,Normal
32.45,292.71,21.46,93,0.17,Normal
48.25,287.46,28.42,74,0.26,Normal
58.92,345.87,27.94,42,0.23,Normal
33.69,310.7,20.49,77,0.25,Normal
39.86,337.6,25.23,83,0.29,Normal
81.07,146.24,25.27,63,0.69,Leakage
105.65,211.76,28.88,87,0.81,Leakage
72.72,215.49,30.81,85,0.55,Leakage
92.99,109.5,28.0,73,0.77,Leakage
37.42,313.28,29.68,53,0.17,Normal
36.03,325.18,27.3,84,0.13,Normal
113.16,161.62,26.96,67,0.68,Leakage
37.34,331.37,24.33,110,0.23,Normal
41.44,283.36,23.47,69,0.23,Normal
99.34,204.84,28.64,135,0.91,Leakage
42.43,326.5,23.26,34,0.23,Normal
33.64,301.32,22.13,55,0.17,Normal
71.0,152.42,28.97,54,0.99,Leakage
43.72,340.94,22.36,30,0.15,Normal
40.55,348.12,27.59,33,0.26,Normal
32.06,294.89,25.76,73,0.16,Normal
54.67,342.08,21.29,102,0.15,Normal
100.27,182.01,27.58,103,0.52,Leakage
43.76,312.31,26.53,44,0.27,Normal
34.09,336.72,24.19,93,0.24,Normal
51.26,342.43,24.14,120,0.1,Normal
52.33,337.31,21.07,100,0.23,Normal
108.79,123.86,33.82,55,0.77,Leakage
57.47,297.55,21.49,34,0.2,Normal
31.41,305.03,22.7,110,0.2,Normal
117.31,179.57,30.11,145,0.6,Leakage
53.81,345.83,23.8,39,0.27,Normal
49.94,307.18,24.31,31,0.16,Normal
54.42,324.62,22.4,65,0.19,Normal
46.33,315.8,23.34,109,0.12,Normal
70.48,105.28,30.65,104,0.99,Leakage
55.72,317.39,29.36,79,0.29,Normal
52.85,291.35,20.79,69,0.29,Normal
110.66,110.98,28.79,104,0.7,Leakage
59.55,324.17,24.49,89,0.14,Normal
40.68,338.46,24.37,89,0.16,Normal
40.8,318.94,20.08,34,0.12,Normal
50.16,295.54,25.2,98,0.28,Normal
40.66,292.19,20.65,94,0.15,Normal
118.22,126.0,27.2,69,0.83,Leakage
85.02,101.62,31.3,150,0.67,Leakage
57.75,334.26,23.09,87,0.16,Normal
52.59,344.15,22.8,112,0.26,Normal
55.45,298.79,22.65,82,0.12,Normal
51.97,280.27,29.64,84,0.19,Normal
54.74,322.46,27.06,68,0.21,Normal
39.55,303.03,25.29,54,0.21,Normal
103.65,193.05,34.06,82,0.85,Leakage
78.67,185.88,27.11,63,0.84,Leakage
59.25,288.75,27.63,84,0.11,Normal
58.16,294.53,29.9,65,0.24,Normal
38.34,323.37,23.35,31,0.18,Normal
54.1,281.17,24.52,92,0.25,Normal
74.0,181.74,32.19,58,0.88,Leakage
43.64,335.22,24.41,113,0.26,Normal
56.2,327.04,24.23,41,0.12,Normal
52.17,295.44,23.43,53,0.15,Normal
42.91,308.76,24.34,64,0.16,Normal
55.75,309.97,20.6,74,0.18,Normal
50.91,321.47,21.8,36,0.25,Normal
42.98,293.9,27.57,73,0.29,Normal
55.83,315.26,23.05,33,0.17,Normal
70.95,212.46,33.6,103,0.56,Leakage
42.01,339.86,29.27,64,0.27,Normal
54.35,327.54,29.3,105,0.12,Normal
58.11,300.24,20.01,32,0.3,Normal
44.96,306.59,21.23,30,0.1,Normal
31.01,289.02,24.84,85,0.14,Normal
84.88,211.92,26.12,107,0.88,Leakage
38.72,289.84,28.05,112,0.14,Normal
34.2,345.93,22.95,83,0.19,Normal
99.5,206.35,26.32,101,0.59,Leakage
45.3,317.14,20.51,89,0.15,Normal
45.02,323.54,26.97,98,0.12,Normal
48.19,310.85,20.89,76,0.18,Normal
50.68,340.21,20.5,108,0.22,Normal
49.41,321.16,26.01,43,0.27,Normal
57.15,317.73,26.87,53,0.25,Normal
88.2,138.42,28.49,62,0.54,Leakage
56.09,349.06,28.22,69,0.2,Normal
43.67,335.05,22.4,82,0.14,Normal
53.76,322.45,22.64,83,0.14,Normal
56.26,302.38,25.42,65,0.22,Normal
56.76,322.03,22.81,119,0.29,Normal
82.85,170.5,34.27,135,0.99,Leakage
35.82,311.11,28.64,99,0.25,Normal
56.42,282.23,28.18,50,0.26,Normal
42.69,315.12,22.12,94,0.1,Normal
58.62,342.81,22.98,95,0.12,Normal
41.95,328.19,28.25,60,0.21,Normal
38.33,290.5,24.85,108,0.25,Normal
108.29,119.87,32.93,136,0.87,Leakage
36.54,344.32,20.74,68,0.26,Normal
47.37,307.83,26.0,40,0.29,Normal
54.14,348.68,28.79,61,0.12,Normal
42.76,282.14,22.31,49,0.13,Normal
94.28,105.87,34.29,143,0.89,Leakage
97.1,136.65,26.3,120,0.88,Leakage
44.09,348.6,24.93,53,0.26,Normal
54.62,327.51,23.88,103,0.12,Normal
44.01,295.39,22.48,37,0.28,Normal
56.32,320.89,26.18,116,0.22,Normal
38.28,316.48,24.97,31,0.19,Normal
49.06,288.88,26.41,92,0.27,Normal
53.83,295.17,28.05,95,0.15,Normal
43.3,340.18,26.74,53,0.12,Normal
32.91,342.9,21.97,49,0.26,Normal
80.68,218.03,25.84,73,0.97,Leakage
52.96,347.43,23.14,85,0.24,Normal
86.71,137.24,29.27,130,0.82,Leakage
54.39,304.17,21.19,53,0.29,Normal
98.39,211.9,27.46,100,0.93,Leakage
108.44,106.95,30.99,122,0.94,Leakage
70.33,203.47,29.75,115,0.66,Leakage
36.53,315.72,25.49,87,0.15,Normal
53.99,349.28,26.55,49,0.29,Normal
57.91,342.56,25.98,102,0.24,Normal
35.36,307.27,21.76,102,0.1,Normal
117.33,125.86,33.71,112,0.65,Leakage
39.04,327.66,28.67,52,0.1,Normal
58.4,291.43,28.97,74,0.13,Normal
44.83,287.82,23.46,109,0.15,Normal
59.59,321.86,21.16,79,0.16,Normal
54.92,336.01,24.24,54,0.16,Normal
53.93,329.97,23.56,118,0.29,Normal
40.61,290.16,22.99,59,0.15,Normal
89.31,126.2,26.5,71,0.83,Leakage
32.7,282.49,22.93,54,0.13,Normal
43.91,323.61,28.17,95,0.23,Normal
43.88,332.04,27.67,74,0.13,Normal
47.06,302.61,24.89,77,0.18,Normal
95.13,161.78,25.92,46,0.6,Leakage
45.06,328.89,28.47,67,0.3,Normal
91.18,162.93,32.15,106,0.96,Leakage
117.54,208.5,28.67,45,0.94,Leakage
34.37,305.84,25.1,60,0.29,Normal
37.94,341.89,22.68,90,0.16,Normal
44.86,333.46,21.82,85,0.29,Normal
98.12,135.92,29.3,90,0.57,Leakage
113.19,216.9,30.73,50,0.84,Leakage
105.17,125.72,33.8,121,0.97,Leakage
58.76,304.52,26.42,88,0.16,Normal
59.8,304.42,27.86,96,0.21,Normal
41.24,319.54,21.61,103,0.19,Normal
51.72,342.28,21.84,70,0.25,Normal
100.05,192.14,33.24,111,0.97,Leakage
54.88,300.41,21.0,73,0.18,Normal
52.32,336.83,24.27,31,0.22,Normal
32.06,304.68,21.23,116,0.2,Normal
108.58,187.45,31.88,136,0.75,Leakage
58.93,348.57,22.0,59,0.12,Normal
43.83,320.22,28.66,44,0.25,Normal
43.28,294.26,28.72,97,0.29,Normal
78.87,130.25,30.87,149,0.61,Leakage
96.35,212.35,26.43,92,0.96,Leakage
103.51,141.57,32.05,100,0.87,Leakage
117.29,161.14,34.26,116,0.71,Leakage
82.09,181.23,31.0,83,0.69,Leakage
41.23,331.81,21.35,56,0.26,Normal
97.1,217.43,28.0,67,0.55,Leakage
49.46,345.83,21.11,69,0.25,Normal
31.44,339.22,24.74,61,0.15,Normal
45.12,304.31,20.06,43,0.14,Normal
31.64,326.83,24.61,93,0.14,Normal
71.56,130.87,31.44,41,0.75,Leakage
34.67,281.2,25.52,61,0.28,Normal
32.42,283.61,20.11,67,0.18,Normal
33.63,322.49,27.54,71,0.24,Normal
88.66,179.06,30.01,103,0.55,Leakage
41.22,298.1,24.79,63,0.22,Normal
44.17,321.59,25.7,40,0.26,Normal
39.09,344.09,20.52,87,0.22,Normal
51.84,336.91,29.63,94,0.17,Normal
85.83,213.69,28.03,133,0.85,Leakage
42.68,304.99,24.29,53,0.27,Normal
89.84,199.02,34.77,87,0.74,Leakage
45.87,286.63,29.83,77,0.24,Normal
102.14,125.68,26.12,49,0.6,Leakage
31.77,296.94,29.38,38,0.23,Normal
45.06,326.75,21.77,95,0.28,Normal
32.62,345.0,26.15,65,0.12,Normal
37.33,329.63,22.49,59,0.27,Normal
37.74,322.88,28.6,77,0.26,Normal
53.62,302.87,23.26,49,0.25,Normal
41.61,281.73,21.18,107,0.27,Normal
48.01,331.96,29.59,66,0.18,Normal
58.23,324.69,21.41,86,0.14,Normal
106.14,197.7,34.03,86,0.89,Leakage
55.58,281.67,24.03,75,0.18,Normal
39.14,285.55,23.7,74,0.22,Normal
43.64,347.68,29.82,34,0.12,Normal
59.16,332.91,25.82,49,0.11,Normal
38.63,344.11,21.9,99,0.22,Normal
78.82,160.22,28.37,60,0.89,Leakage
37.3,341.16,24.27,47,0.15,Normal
48.93,280.68,24.76,105,0.16,Normal
40.05,320.42,26.34,100,0.18,Normal
43.13,301.01,29.91,81,0.11,Normal
34.7,305.12,28.47,107,0.29,Normal
54.33,317.61,27.98,99,0.26,Normal
54.53,310.98,25.35,69,0.11,Normal
107.86,142.24,33.32,53,0.62,Leakage
49.96,281.12,21.64,39,0.25,Normal
79.1,165.75,33.02,113,0.87,Leakage
86.82,216.55,29.18,64,0.83,Leakage
57.24,293.05,28.01,119,0.25,Normal
48.61,281.96,29.05,34,0.28,Normal
34.46,303.25,27.53,82,0.28,Normal
55.95,334.84,20.2,31,0.19,Normal
35.66,297.55,24.68,118,0.15,Normal
59.37,328.68,29.97,105,0.26,Normal
41.82,284.19,24.93,90,0.13,Normal
114.85,150.86,26.86,82,0.61,Leakage
48.26,307.03,24.79,71,0.27,Normal
89.5,129.44,34.33,104,0.76,Leakage
42.39,336.35,29.06,67,0.15,Normal
39.53,348.36,24.12,85,0.19,Normal
43.79,306.23,25.32,32,0.14,Normal
55.81,313.55,28.4,49,0.19,Normal
112.45,216.82,32.75,127,0.92,Leakage
58.91,328.01,25.59,81,0.29,Normal
37.02,348.99,20.53,55,0.13,Normal
58.35,283.74,27.65,54,0.13,Normal
39.43,291.64,25.74,114,0.26,Normal
95.99,205.85,31.0,114,0.59,Leakage
31.8,318.48,28.32,102,0.12,Normal
56.28,297.47,22.62,110,0.13,Normal
54.74,324.35,29.37,41,0.29,Normal
46.83,306.02,24.38,62,0.25,Normal
47.78,335.37,29.89,94,0.13,Normal
117.71,119.35,25.32,80,0.82,Leakage
41.6,305.92,20.55,43,0.16,Normal
56.67,291.35,23.76,31,0.21,Normal
111.88,174.34,28.3,133,1.0,Leakage
34.21,296.66,24.86,41,0.11,Normal
77.98,103.65,27.29,77,0.88,Leakage
38.19,327.69,25.66,100,0.13,Normal
92.13,188.68,27.12,102,0.5,Leakage
43.27,305.48,24.59,105,0.17,Normal
43.34,327.86,24.71,81,0.23,Normal
32.34,342.03,25.93,114,0.21,Normal
38.82,314.65,28.07,84,0.22,Normal
31.99,333.98,20.96,96,0.26,Normal
79.57,180.06,32.27,88,0.68,Leakage
42.4,301.34,20.07,55,0.13,Normal
112.81,204.5,30.24,107,0.91,Leakage
102.22,178.42,28.81,138,0.88,Leakage
35.91,330.43,28.33,76,0.23,Normal
34.34,313.61,24.84,109,0.27,Normal
35.93,295.54,20.19,61,0.25,Normal
115.57,158.15,32.85,64,0.86,Leakage
38.64,303.45,22.63,96,0.1,Normal
43.71,314.78,28.86,37,0.3,Normal
39.79,323.3,25.04,75,0.16,Normal
43.94,332.61,28.84,54,0.13,Normal
59.04,295.02,24.03,31,0.18,Normal
39.25,332.31,26.04,56,0.18,Normal
115.28,126.79,29.52,108,0.66,Leakage
35.26,330.65,22.03,117,0.17,Normal
70.16,148.41,29.52,131,0.58,Leakage
81.19,134.91,29.81,140,0.88,Leakage
37.96,294.92,27.55,30,0.25,Normal
104.97,208.04,33.65,79,0.65,Leakage
46.19,348.92,27.38,36,0.2,Normal
46.87,312.39,22.41,69,0.28,Normal
59.47,293.46,28.71,78,0.14,Normal
93.65,163.74,29.59,126,0.53,Leakage
43.62,282.07,29.79,96,0.22,Normal
51.11,287.68,29.94,31,0.13,Normal
83.45,174.12,31.89,147,0.56,Leakage
41.79,311.98,26.97,119,0.22,Normal
50.17,284.81,28.58,32,0.14,Normal
33.33,312.2,24.54,48,0.23,Normal
36.06,283.15,21.91,111,0.17,Normal
42.52,334.67,25.58,113,0.14,Normal
54.86,349.08,22.58,98,0.21,Normal
30.47,280.73,25.86,101,0.3,Normal
92.44,111.22,34.85,42,0.57,Leakage
43.95,301.01,22.1,80,0.1,Normal
55.52,290.01,24.45,94,0.21,Normal
81.83,102.46,33.16,138,0.85,Leakage
58.92,327.2,27.34,63,0.19,Normal
49.52,328.4,21.91,118,0.28,Normal
115.07,124.68,27.17,41,0.64,Leakage
31.77,303.93,23.07,33,0.27,Normal
40.32,305.6,27.15,53,0.13,Normal
112.89,161.82,32.85,43,0.64,Leakage
51.14,313.24,26.01,46,0.21,Normal
56.25,308.94,29.08,68,0.13,Normal
45.5,341.42,25.39,103,0.14,Normal
82.45,130.59,25.56,107,0.87,Leakage
92.73,187.5,30.68,110,0.89,Leakage
37.22,320.65,20.92,77,0.28,Normal
55.1,339.38,25.68,92,0.17,Normal
104.79,119.42,29.02,120,0.85,Leakage
52.27,331.8,25.06,57,0.25,Normal
56.68,343.94,23.22,111,0.16,Normal
81.77,167.94,34.04,113,0.83,Leakage
50.26,303.55,20.27,51,0.24,Normal
37.04,304.81,21.83,39,0.11,Normal
49.03,343.77,28.13,50,0.21,Normal
30.61,298.49,23.86,45,0.13,Normal
57.1,321.51,27.44,84,0.25,Normal
82.35,175.09,31.18,67,0.53,Leakage
30.09,309.3,20.47,86,0.14,Normal
41.52,310.36,22.9,120,0.19,Normal
38.39,342.35,27.65,34,0.2,Normal
52.84,338.15,27.58,61,0.14,Normal
43.8,316.68,20.28,108,0.17,Normal
44.18,330.74,28.23,71,0.25,Normal
39.42,331.72,23.18,33,0.27,Normal
76.59,118.84,33.52,142,0.8,Leakage
57.43,324.82,23.1,46,0.23,Normal
119.0,215.13,27.44,97,0.86,Leakage
41.34,342.32,26.56,48,0.15,Normal
59.45,316.05,28.78,104,0.25,Normal
91.82,144.05,25.48,147,0.91,Leakage
58.46,289.31,23.08,86,0.22,Normal
31.9,333.32,21.0,88,0.17,Normal
42.81,299.61,22.38,101,0.26,Normal
32.57,336.26,22.34,73,0.12,Normal
56.48,280.13,27.11,64,0.24,Normal
57.58,306.87,29.05,117,0.11,Normal
51.14,339.89,23.17,120,0.14,Normal
72.62,204.85,31.62,140,0.71,Leakage
47.94,298.64,25.21,86,0.14,Normal
74.68,206.38,28.51,78,0.84,Leakage
59.67,301.25,27.47,47,0.2,Normal
56.99,320.58,21.38,111,0.23,Normal
33.54,349.93,22.48,69,0.26,Normal
38.82,336.4,29.5,37,0.22,Normal
37.46,337.92,26.91,66,0.2,Normal
30.83,280.59,23.26,65,0.18,Normal
52.05,300.06,23.13,34,0.16,Normal
109.85,127.37,26.86,134,0.89,Leakage
71.43,101.7,28.45,50,0.95,Leakage
75.84,150.94,29.66,110,0.62,Leakage
54.96,304.39,21.51,102,0.23,Normal
51.39,342.14,22.27,113,0.15,Normal
56.15,312.26,27.93,78,0.2,Normal
81.31,116.03,30.14,130,0.67,Leakage
101.09,127.06,30.98,119,0.93,Leakage
93.71,129.79,31.62,87,0.63,Leakage
46.01,308.81,23.49,68,0.16,Normal
73.22,121.63,29.79,57,0.77,Leakage
49.78,296.46,23.98,42,0.27,Normal
75.32,183.68,31.8,54,0.68,Leakage
118.3,216.03,34.4,132,0.97,Leakage
47.15,322.62,28.28,45,0.27,Normal
47.18,299.23,23.39,79,0.29,Normal
56.45,349.36,21.81,59,0.1,Normal
89.36,198.1,26.13,43,0.79,Leakage
53.39,304.12,22.89,114,0.17,Normal
46.04,294.93,22.87,73,0.21,Normal
53.58,280.15,20.33,66,0.19,Normal
46.47,332.38,25.22,98,0.27,Normal
77.6,151.5,26.1,91,0.81,Leakage
51.59,296.54,21.93,45,0.19,Normal
35.85,314.0,20.69,30,0.12,Normal
52.25,315.73,29.11,109,0.14,Normal
33.37,299.57,26.12,30,0.12,Normal
80.57,205.48,32.02,134,0.76,Leakage
76.27,155.09,27.18,127,0.66,Leakage
31.9,333.85,21.69,73,0.17,Normal
101.66,107.36,26.29,108,0.6,Leakage
39.05,345.74,25.25,109,0.16,Normal
55.7,326.0,22.17,88,0.14,Normal
44.19,336.75,24.08,103,0.15,Normal
44.23,334.46,22.18,89,0.28,Normal
53.37,295.4,20.65,86,0.15,Normal
57.25,327.93,28.71,60,0.2,Normal
113.72,109.6,30.35,55,0.66,Leakage
44.46,346.79,26.61,107,0.23,Normal
39.37,307.6,29.36,117,0.13,Normal
54.18,329.2,21.65,78,0.14,Normal
80.21,136.03,33.85,65,0.94,Leakage
58.0,291.61,21.11,52,0.26,Normal
111.31,102.4,33.81,50,0.86,Leakage
106.67,101.86,34.45,40,0.93,Leakage
90.95,167.49,30.88,107,0.62,Leakage
72.83,175.83,28.56,101,0.96,Leakage
53.07,280.37,25.74,98,0.16,Normal
